state,year,month,cases,deaths,temperature_c,rainfall_mm,humidity_pct,population_millions,incidence_per_100k
Karnataka,2015,1,143,0,34.0,13.2,47.9,67,213.43283582089555
Karnataka,2015,2,270,0,33.3,0.6,54.2,67,402.98507462686564
Karnataka,2015,3,168,0,30.1,2.0,58.1,67,250.74626865671644
Karnataka,2015,4,126,0,28.3,5.7,62.2,67,188.05970149253733
Karnataka,2015,5,165,0,28.4,6.1,28.8,67,246.2686567164179
Karnataka,2015,6,856,1,34.4,9.0,51.8,67,1277.6119402985073
Karnataka,2015,7,1270,2,26.2,156.8,64.8,67,1895.5223880597014
Karnataka,2015,8,2861,3,30.5,89.5,100.0,67,4270.149253731343
Karnataka,2015,9,1243,1,30.2,200.2,64.9,67,1855.2238805970148
Karnataka,2015,10,2082,5,26.6,304.3,63.7,67,3107.4626865671644
Karnataka,2015,11,1587,3,29.3,0.1,59.2,67,2368.6567164179105
Karnataka,2015,12,829,1,35.6,14.8,46.9,67,1237.3134328358208
Karnataka,2016,1,199,0,33.3,4.0,64.6,67,297.0149253731343
Karnataka,2016,2,229,0,30.4,13.1,62.5,67,341.7910447761194
Karnataka,2016,3,328,0,33.4,14.3,40.3,67,489.55223880597015
Karnataka,2016,4,206,0,33.4,7.4,44.0,67,307.46268656716416
Karnataka,2016,5,275,0,32.3,3.8,45.5,67,410.44776119402985
Karnataka,2016,6,1312,1,32.1,5.3,38.2,67,1958.2089552238806
Karnataka,2016,7,1981,5,25.6,139.4,80.0,67,2956.7164179104475
Karnataka,2016,8,2213,6,26.4,237.0,88.7,67,3302.9850746268658
Karnataka,2016,9,1923,5,25.9,153.7,87.7,67,2870.149253731343
Karnataka,2016,10,1925,3,28.0,161.8,71.0,67,2873.1343283582087
Karnataka,2016,11,1055,3,31.4,7.3,56.1,67,1574.6268656716418
Karnataka,2016,12,635,1,37.6,32.8,49.7,67,947.7611940298507
Karnataka,2017,1,253,0,32.2,0.5,86.9,67,377.6119402985075
Karnataka,2017,2,219,0,31.0,1.6,55.1,67,326.86567164179104
Karnataka,2017,3,172,0,36.6,2.7,61.3,67,256.7164179104478
Karnataka,2017,4,225,0,37.5,10.0,36.8,67,335.82089552238807
Karnataka,2017,5,367,0,28.0,0.4,41.5,67,547.7611940298507
Karnataka,2017,6,762,1,35.5,7.2,59.7,67,1137.3134328358208
Karnataka,2017,7,1124,1,25.2,375.4,71.1,67,1677.6119402985073
Karnataka,2017,8,4712,6,30.4,88.9,88.6,67,7032.835820895522
Karnataka,2017,9,1696,4,28.8,268.8,88.0,67,2531.3432835820895
Karnataka,2017,10,2836,2,28.8,218.5,77.3,67,4232.835820895522
Karnataka,2017,11,1545,3,33.2,0.1,39.3,67,2305.9701492537315
Karnataka,2017,12,826,1,27.1,10.6,61.0,67,1232.8358208955224
Karnataka,2018,1,261,0,36.6,10.5,37.7,67,389.55223880597015
Karnataka,2018,2,182,0,35.8,1.0,29.5,67,271.6417910447761
Karnataka,2018,3,330,0,31.7,22.3,55.1,67,492.5373134328358
Karnataka,2018,4,227,0,34.2,8.6,28.9,67,338.8059701492537
Karnataka,2018,5,221,0,27.7,28.2,57.2,67,329.85074626865674
Karnataka,2018,6,1451,2,35.0,33.1,43.2,67,2165.6716417910447
Karnataka,2018,7,1576,3,26.7,278.2,82.1,67,2352.2388059701493
Karnataka,2018,8,2335,5,25.3,198.4,85.6,67,3485.0746268656712
Karnataka,2018,9,1918,5,31.2,303.9,84.1,67,2862.686567164179
Karnataka,2018,10,2092,3,29.5,342.6,84.9,67,3122.3880597014927
Karnataka,2018,11,1571,3,35.0,1.0,42.7,67,2344.7761194029854
Karnataka,2018,12,998,1,24.8,8.9,55.4,67,1489.55223880597
Karnataka,2019,1,294,0,36.4,7.4,39.3,67,438.8059701492537
Karnataka,2019,2,130,0,41.6,10.1,77.7,67,194.02985074626866
Karnataka,2019,3,231,0,32.7,3.2,38.1,67,344.77611940298505
Karnataka,2019,4,208,0,28.9,1.9,74.9,67,310.44776119402985
Karnataka,2019,5,316,0,29.4,12.5,31.1,67,471.64179104477614
Karnataka,2019,6,760,1,33.5,9.5,74.8,67,1134.3283582089553
Karnataka,2019,7,605,0,26.5,161.5,93.7,67,902.9850746268658
Karnataka,2019,8,2103,3,24.9,51.0,62.0,67,3138.805970149254
Karnataka,2019,9,1787,2,28.4,189.0,98.5,67,2667.1641791044776
Karnataka,2019,10,2483,4,29.4,164.6,75.6,67,3705.9701492537315
Karnataka,2019,11,890,2,34.6,10.3,82.0,67,1328.3582089552237
Karnataka,2019,12,1305,1,33.8,23.6,48.4,67,1947.761194029851
Karnataka,2020,1,322,0,29.5,3.8,41.2,67,480.5970149253732
Karnataka,2020,2,319,0,35.8,21.0,71.8,67,476.11940298507466
Karnataka,2020,3,300,0,34.5,2.0,61.2,67,447.7611940298507
Karnataka,2020,4,294,0,24.8,15.0,31.7,67,438.8059701492537
Karnataka,2020,5,319,0,31.2,5.6,62.4,67,476.11940298507466
Karnataka,2020,6,1533,2,32.0,17.5,64.0,67,2288.0597014925374
Karnataka,2020,7,1715,3,27.1,158.6,68.9,67,2559.7014925373132
Karnataka,2020,8,3538,9,29.8,59.7,70.5,67,5280.5970149253735
Karnataka,2020,9,3349,5,30.4,124.2,74.9,67,4998.507462686567
Karnataka,2020,10,2690,3,27.6,248.6,88.6,67,4014.9253731343288
Karnataka,2020,11,1786,2,30.0,17.3,42.9,67,2665.6716417910447
Karnataka,2020,12,1007,2,36.6,29.4,42.8,67,1502.9850746268658
Karnataka,2021,1,247,0,31.1,8.2,62.9,67,368.65671641791045
Karnataka,2021,2,286,0,30.8,6.3,49.9,67,426.8656716417911
Karnataka,2021,3,293,0,28.7,8.8,48.4,67,437.31343283582095
Karnataka,2021,4,278,0,30.6,33.0,56.9,67,414.92537313432837
Karnataka,2021,5,301,0,32.1,8.1,50.4,67,449.25373134328356
Karnataka,2021,6,1688,1,30.3,9.9,77.9,67,2519.402985074627
Karnataka,2021,7,1347,2,28.6,172.9,84.8,67,2010.4477611940297
Karnataka,2021,8,2880,4,26.2,301.0,56.9,67,4298.507462686567
Karnataka,2021,9,1749,5,33.6,243.7,84.7,67,2610.4477611940297
Karnataka,2021,10,1555,4,33.5,176.4,72.2,67,2320.89552238806
Karnataka,2021,11,2512,4,37.4,18.5,48.3,67,3749.2537313432836
Karnataka,2021,12,1302,3,31.6,20.0,49.2,67,1943.2835820895523
Karnataka,2022,1,325,0,32.2,29.0,43.2,67,485.07462686567163
Karnataka,2022,2,170,0,26.5,11.1,58.0,67,253.7313432835821
Karnataka,2022,3,279,0,37.1,11.1,73.3,67,416.41791044776124
Karnataka,2022,4,250,0,32.7,8.2,67.3,67,373.13432835820896
Karnataka,2022,5,407,0,35.9,0.3,59.7,67,607.4626865671643
Karnataka,2022,6,1854,3,30.3,0.1,44.9,67,2767.1641791044776
Karnataka,2022,7,2824,5,22.7,281.9,73.6,67,4214.925373134329
Karnataka,2022,8,1619,3,28.2,294.3,78.3,67,2416.417910447761
Karnataka,2022,9,1825,2,27.8,182.7,79.0,67,2723.8805970149256
Karnataka,2022,10,2649,6,30.0,96.8,79.9,67,3953.731343283582
Karnataka,2022,11,1418,1,35.8,1.9,42.0,67,2116.417910447761
Karnataka,2022,12,2433,2,26.3,4.5,47.1,67,3631.34328358209
Karnataka,2023,1,298,0,32.1,16.1,39.5,67,444.77611940298505
Karnataka,2023,2,238,0,35.4,13.8,40.7,67,355.22388059701495
Karnataka,2023,3,421,0,29.7,6.6,27.3,67,628.3582089552239
Karnataka,2023,4,705,0,35.4,22.6,35.2,67,1052.2388059701493
Karnataka,2023,5,297,0,36.5,5.9,25.9,67,443.2835820895522
Karnataka,2023,6,1153,1,31.3,3.9,49.3,67,1720.8955223880598
Karnataka,2023,7,1862,2,24.8,205.0,84.1,67,2779.10447761194
Karnataka,2023,8,2051,3,32.4,517.6,85.1,67,3061.194029850746
Karnataka,2023,9,1840,2,27.4,352.1,61.9,67,2746.268656716418
Karnataka,2023,10,2344,3,29.7,142.9,68.7,67,3498.5074626865676
Karnataka,2023,11,1454,2,28.5,22.7,50.7,67,2170.149253731343
Karnataka,2023,12,1177,1,33.6,20.1,48.7,67,1756.7164179104477
Karnataka,2024,1,363,0,35.0,11.0,51.5,67,541.7910447761194
Karnataka,2024,2,230,0,35.7,2.1,38.6,67,343.2835820895522
Karnataka,2024,3,221,0,24.8,2.8,53.9,67,329.85074626865674
Karnataka,2024,4,238,0,27.4,6.6,54.0,67,355.22388059701495
Karnataka,2024,5,243,0,32.2,1.4,65.1,67,362.6865671641791
Karnataka,2024,6,690,1,36.4,9.1,61.6,67,1029.8507462686566
Karnataka,2024,7,1984,4,25.6,200.1,75.9,67,2961.194029850746
Karnataka,2024,8,2505,3,27.5,172.1,76.1,67,3738.805970149254
Karnataka,2024,9,3766,6,26.7,240.4,85.3,67,5620.895522388059
Karnataka,2024,10,1654,4,27.0,160.4,88.0,67,2468.6567164179105
Karnataka,2024,11,1810,3,30.6,7.0,54.9,67,2701.492537313433
Karnataka,2024,12,930,1,35.6,9.8,51.4,67,1388.0597014925372
Kerala,2015,1,395,1,36.6,15.8,59.5,35,1128.5714285714287
Kerala,2015,2,256,0,30.1,3.7,56.1,35,731.4285714285714
Kerala,2015,3,221,0,28.6,8.4,57.2,35,631.4285714285714
Kerala,2015,4,250,0,37.1,1.6,43.3,35,714.2857142857143
Kerala,2015,5,351,0,28.3,10.2,56.2,35,1002.8571428571429
Kerala,2015,6,586,1,27.8,23.9,42.3,35,1674.2857142857144
Kerala,2015,7,1377,3,32.5,201.2,100.0,35,3934.285714285714
Kerala,2015,8,3517,6,30.2,204.9,79.4,35,10048.571428571428
Kerala,2015,9,1486,4,32.0,201.5,76.0,35,4245.714285714285
Kerala,2015,10,1907,4,27.6,549.6,80.2,35,5448.571428571428
Kerala,2015,11,811,1,30.3,0.0,34.8,35,2317.142857142857
Kerala,2015,12,904,1,31.1,4.3,59.4,35,2582.857142857143
Kerala,2016,1,193,0,38.7,6.0,46.3,35,551.4285714285714
Kerala,2016,2,365,0,35.2,4.5,47.6,35,1042.857142857143
Kerala,2016,3,150,0,36.5,10.9,46.0,35,428.57142857142856
Kerala,2016,4,210,0,32.0,9.0,52.4,35,600.0
Kerala,2016,5,178,0,31.9,22.8,41.4,35,508.57142857142856
Kerala,2016,6,972,1,42.3,0.7,33.4,35,2777.1428571428573
Kerala,2016,7,1263,3,32.5,47.7,62.6,35,3608.571428571429
Kerala,2016,8,1504,1,26.9,169.4,80.3,35,4297.142857142857
Kerala,2016,9,2607,2,33.3,233.8,67.3,35,7448.571428571428
Kerala,2016,10,1455,1,24.6,193.0,73.7,35,4157.142857142857
Kerala,2016,11,1599,4,34.9,2.8,60.7,35,4568.571428571428
Kerala,2016,12,1254,1,38.6,2.3,34.9,35,3582.857142857143
Kerala,2017,1,151,0,30.8,0.9,54.9,35,431.4285714285714
Kerala,2017,2,137,0,27.0,4.8,37.8,35,391.4285714285714
Kerala,2017,3,365,0,34.4,5.3,20.0,35,1042.857142857143
Kerala,2017,4,197,0,35.9,16.1,49.5,35,562.8571428571429
Kerala,2017,5,274,0,31.8,7.8,29.8,35,782.8571428571428
Kerala,2017,6,1166,1,26.8,3.2,51.5,35,3331.4285714285716
Kerala,2017,7,1583,3,25.1,450.2,82.2,35,4522.857142857143
Kerala,2017,8,1266,2,30.9,103.0,80.1,35,3617.142857142857
Kerala,2017,9,1831,2,24.2,152.0,77.0,35,5231.428571428572
Kerala,2017,10,1654,3,23.8,344.1,66.2,35,4725.714285714286
Kerala,2017,11,1809,1,42.5,27.6,37.1,35,5168.571428571428
Kerala,2017,12,2371,3,34.4,0.5,27.2,35,6774.285714285715
Kerala,2018,1,391,0,31.6,14.7,49.5,35,1117.142857142857
Kerala,2018,2,278,0,25.8,17.1,44.0,35,794.2857142857143
Kerala,2018,3,213,0,35.9,8.9,39.1,35,608.5714285714286
Kerala,2018,4,257,0,26.7,7.8,46.6,35,734.2857142857142
Kerala,2018,5,263,0,34.4,10.8,62.5,35,751.4285714285714
Kerala,2018,6,1308,1,25.9,44.0,49.1,35,3737.1428571428573
Kerala,2018,7,1108,3,28.6,273.4,76.3,35,3165.714285714286
Kerala,2018,8,3047,3,31.2,314.1,74.2,35,8705.714285714286
Kerala,2018,9,2458,4,26.5,79.0,80.0,35,7022.857142857143
Kerala,2018,10,3550,5,26.6,159.5,76.3,35,10142.857142857143
Kerala,2018,11,2002,2,32.8,9.8,54.0,35,5720.0
Kerala,2018,12,984,1,34.9,16.0,50.7,35,2811.4285714285716
Kerala,2019,1,371,0,37.6,9.9,43.3,35,1060.0
Kerala,2019,2,160,0,28.5,1.2,61.9,35,457.1428571428571
Kerala,2019,3,257,0,28.3,2.7,49.5,35,734.2857142857142
Kerala,2019,4,322,0,27.7,29.9,60.2,35,919.9999999999999
Kerala,2019,5,269,0,31.1,6.3,33.2,35,768.5714285714286
Kerala,2019,6,991,1,36.7,7.2,74.3,35,2831.428571428571
Kerala,2019,7,2450,5,26.4,241.8,68.8,35,7000.0
Kerala,2019,8,2550,5,26.3,218.2,71.2,35,7285.714285714286
Kerala,2019,9,1996,5,23.5,114.1,76.6,35,5702.857142857143
Kerala,2019,10,2275,3,26.8,240.4,85.8,35,6500.0
Kerala,2019,11,2741,3,28.8,3.0,49.5,35,7831.428571428572
Kerala,2019,12,1194,2,34.8,0.8,34.1,35,3411.4285714285716
Kerala,2020,1,341,0,36.8,9.0,42.7,35,974.2857142857142
Kerala,2020,2,298,0,25.4,21.1,56.9,35,851.4285714285714
Kerala,2020,3,291,0,36.4,20.2,62.3,35,831.4285714285714
Kerala,2020,4,237,0,36.0,14.0,73.0,35,677.1428571428571
Kerala,2020,5,222,0,32.6,13.6,55.5,35,634.2857142857142
Kerala,2020,6,1323,2,31.1,3.4,50.1,35,3779.9999999999995
Kerala,2020,7,1519,3,28.1,265.3,61.5,35,4340.0
Kerala,2020,8,3000,3,28.7,239.8,75.5,35,8571.42857142857
Kerala,2020,9,3450,3,28.6,200.7,79.1,35,9857.142857142857
Kerala,2020,10,2114,5,24.9,58.9,84.7,35,6040.0
Kerala,2020,11,1634,3,33.5,0.2,73.5,35,4668.571428571428
Kerala,2020,12,809,1,25.2,58.5,43.9,35,2311.4285714285716
Kerala,2021,1,321,0,23.2,15.8,34.7,35,917.1428571428571
Kerala,2021,2,315,0,36.5,3.2,69.7,35,900.0
Kerala,2021,3,211,0,31.6,10.2,27.1,35,602.8571428571429
Kerala,2021,4,178,0,35.6,2.6,46.9,35,508.57142857142856
Kerala,2021,5,298,0,37.8,6.4,55.1,35,851.4285714285714
Kerala,2021,6,1378,3,33.8,9.8,59.1,35,3937.1428571428573
Kerala,2021,7,1414,1,30.1,101.3,74.5,35,4040.0
Kerala,2021,8,3345,5,33.4,121.2,74.9,35,9557.142857142857
Kerala,2021,9,2270,4,26.0,158.1,74.7,35,6485.714285714286
Kerala,2021,10,1945,2,20.7,299.8,64.1,35,5557.142857142857
Kerala,2021,11,1224,2,31.8,43.2,49.9,35,3497.142857142857
Kerala,2021,12,1383,1,34.1,0.1,76.7,35,3951.428571428571
Kerala,2022,1,248,0,23.8,4.3,35.0,35,708.5714285714286
Kerala,2022,2,410,0,36.0,2.2,59.3,35,1171.4285714285713
Kerala,2022,3,222,0,35.7,27.5,50.9,35,634.2857142857142
Kerala,2022,4,369,0,33.6,16.2,60.2,35,1054.2857142857142
Kerala,2022,5,286,0,29.9,22.5,69.8,35,817.1428571428571
Kerala,2022,6,1110,3,33.6,13.2,82.7,35,3171.4285714285716
Kerala,2022,7,1786,3,26.5,101.2,69.7,35,5102.857142857143
Kerala,2022,8,2730,3,34.4,107.7,82.5,35,7800.0
Kerala,2022,9,2499,6,28.4,139.3,77.1,35,7140.000000000001
Kerala,2022,10,1869,5,23.0,287.9,83.7,35,5340.0
Kerala,2022,11,2464,4,26.1,0.4,53.4,35,7040.000000000001
Kerala,2022,12,1281,1,31.6,20.7,76.7,35,3660.0
Kerala,2023,1,423,1,35.5,9.0,72.1,35,1208.5714285714284
Kerala,2023,2,237,0,33.6,24.0,39.7,35,677.1428571428571
Kerala,2023,3,398,0,29.3,2.0,49.6,35,1137.142857142857
Kerala,2023,4,395,0,31.4,7.2,65.9,35,1128.5714285714287
Kerala,2023,5,396,1,25.0,5.0,30.6,35,1131.4285714285716
Kerala,2023,6,1432,2,25.8,0.8,45.9,35,4091.428571428571
Kerala,2023,7,2928,3,24.2,159.6,87.3,35,8365.714285714286
Kerala,2023,8,3139,6,30.6,277.0,87.2,35,8968.571428571428
Kerala,2023,9,2740,5,29.3,155.8,78.8,35,7828.571428571429
Kerala,2023,10,2866,3,27.9,171.1,64.7,35,8188.571428571428
Kerala,2023,11,2071,3,24.0,1.6,63.7,35,5917.142857142857
Kerala,2023,12,1952,2,23.6,11.0,94.1,35,5577.142857142857
Kerala,2024,1,514,1,27.8,11.2,40.6,35,1468.5714285714284
Kerala,2024,2,303,0,34.2,18.2,36.2,35,865.7142857142857
Kerala,2024,3,397,0,33.5,9.6,53.0,35,1134.2857142857144
Kerala,2024,4,351,0,32.8,11.3,56.7,35,1002.8571428571429
Kerala,2024,5,231,0,27.4,10.5,54.5,35,660.0
Kerala,2024,6,2352,6,36.0,15.3,46.2,35,6720.0
Kerala,2024,7,2312,6,29.4,64.7,65.7,35,6605.714285714286
Kerala,2024,8,2753,4,30.1,336.6,72.4,35,7865.714285714286
Kerala,2024,9,2153,3,28.0,86.2,58.6,35,6151.428571428572
Kerala,2024,10,4746,10,21.5,85.3,69.0,35,13560.0
Kerala,2024,11,1753,3,36.0,6.2,64.7,35,5008.571428571429
Kerala,2024,12,955,2,30.2,4.2,49.7,35,2728.5714285714284
Tamil Nadu,2015,1,236,0,25.4,7.6,70.8,76,310.5263157894737
Tamil Nadu,2015,2,159,0,31.0,26.2,55.9,76,209.21052631578948
Tamil Nadu,2015,3,143,0,30.9,3.0,35.2,76,188.1578947368421
Tamil Nadu,2015,4,148,0,24.4,9.4,56.0,76,194.73684210526315
Tamil Nadu,2015,5,149,0,35.8,1.3,58.3,76,196.05263157894737
Tamil Nadu,2015,6,620,1,39.4,1.1,53.3,76,815.7894736842104
Tamil Nadu,2015,7,1384,4,29.3,352.3,74.2,76,1821.0526315789473
Tamil Nadu,2015,8,1620,3,26.7,324.8,78.8,76,2131.578947368421
Tamil Nadu,2015,9,1377,3,26.0,316.9,72.0,76,1811.842105263158
Tamil Nadu,2015,10,1634,3,25.9,271.5,69.4,76,2150.0
Tamil Nadu,2015,11,1463,3,33.1,6.0,32.2,76,1925.0
Tamil Nadu,2015,12,1013,2,30.6,1.0,56.8,76,1332.8947368421052
Tamil Nadu,2016,1,139,0,31.4,7.9,41.6,76,182.89473684210526
Tamil Nadu,2016,2,165,0,33.3,1.5,50.0,76,217.10526315789474
Tamil Nadu,2016,3,342,0,38.6,12.6,58.5,76,450.0
Tamil Nadu,2016,4,212,0,27.6,4.4,39.3,76,278.9473684210526
Tamil Nadu,2016,5,131,0,28.9,16.1,53.5,76,172.36842105263156
Tamil Nadu,2016,6,1517,4,33.9,3.9,81.8,76,1996.0526315789473
Tamil Nadu,2016,7,1133,2,24.4,258.2,94.5,76,1490.7894736842104
Tamil Nadu,2016,8,2031,5,27.8,103.9,81.3,76,2672.3684210526317
Tamil Nadu,2016,9,1513,4,25.3,340.1,62.9,76,1990.7894736842106
Tamil Nadu,2016,10,4211,4,27.1,190.4,82.8,76,5540.78947368421
Tamil Nadu,2016,11,1337,3,33.6,14.1,52.0,76,1759.2105263157894
Tamil Nadu,2016,12,605,1,27.7,4.5,36.7,76,796.0526315789474
Tamil Nadu,2017,1,464,1,34.0,5.9,55.8,76,610.5263157894738
Tamil Nadu,2017,2,225,0,33.0,19.1,50.0,76,296.0526315789474
Tamil Nadu,2017,3,242,0,31.6,21.0,54.0,76,318.42105263157896
Tamil Nadu,2017,4,258,0,30.0,5.2,46.5,76,339.4736842105263
Tamil Nadu,2017,5,253,0,28.4,37.1,66.3,76,332.89473684210526
Tamil Nadu,2017,6,1103,1,41.9,14.5,45.5,76,1451.3157894736842
Tamil Nadu,2017,7,1491,4,24.1,150.0,65.1,76,1961.842105263158
Tamil Nadu,2017,8,1659,3,29.6,59.2,68.5,76,2182.894736842105
Tamil Nadu,2017,9,2063,2,27.6,240.1,62.2,76,2714.4736842105262
Tamil Nadu,2017,10,1830,4,32.5,134.5,70.9,76,2407.894736842105
Tamil Nadu,2017,11,1468,3,30.8,0.6,52.4,76,1931.5789473684208
Tamil Nadu,2017,12,511,0,25.9,9.8,63.7,76,672.3684210526316
Tamil Nadu,2018,1,215,0,35.7,21.8,29.5,76,282.89473684210526
Tamil Nadu,2018,2,193,0,36.8,13.2,45.3,76,253.9473684210526
Tamil Nadu,2018,3,258,0,21.6,3.0,41.8,76,339.4736842105263
Tamil Nadu,2018,4,329,0,28.0,7.9,49.5,76,432.8947368421052
Tamil Nadu,2018,5,176,0,31.4,6.7,43.4,76,231.57894736842107
Tamil Nadu,2018,6,1788,4,22.8,5.0,43.3,76,2352.6315789473683
Tamil Nadu,2018,7,1879,2,27.4,315.9,63.8,76,2472.3684210526317
Tamil Nadu,2018,8,2873,6,26.5,175.0,84.2,76,3780.263157894737
Tamil Nadu,2018,9,2640,5,28.9,128.6,76.7,76,3473.684210526316
Tamil Nadu,2018,10,2061,2,26.0,162.3,75.9,76,2711.842105263158
Tamil Nadu,2018,11,1145,1,32.7,0.1,29.8,76,1506.578947368421
Tamil Nadu,2018,12,1641,2,34.7,2.0,67.4,76,2159.2105263157896
Tamil Nadu,2019,1,191,0,34.9,0.2,64.9,76,251.3157894736842
Tamil Nadu,2019,2,357,0,27.0,1.3,42.5,76,469.7368421052632
Tamil Nadu,2019,3,317,0,34.2,7.6,40.3,76,417.1052631578948
Tamil Nadu,2019,4,282,0,37.8,13.8,77.0,76,371.0526315789474
Tamil Nadu,2019,5,133,0,36.3,4.1,34.3,76,175.0
Tamil Nadu,2019,6,1122,3,34.3,2.8,52.2,76,1476.3157894736842
Tamil Nadu,2019,7,1521,3,27.2,82.6,84.1,76,2001.3157894736842
Tamil Nadu,2019,8,2928,3,28.8,325.8,73.6,76,3852.6315789473683
Tamil Nadu,2019,9,2705,7,31.5,216.4,75.3,76,3559.2105263157896
Tamil Nadu,2019,10,2632,5,26.0,186.3,60.1,76,3463.1578947368416
Tamil Nadu,2019,11,943,2,38.8,7.1,58.5,76,1240.7894736842104
Tamil Nadu,2019,12,1151,1,33.3,14.3,63.5,76,1514.4736842105265
Tamil Nadu,2020,1,193,0,27.1,2.8,46.9,76,253.9473684210526
Tamil Nadu,2020,2,174,0,33.0,13.2,29.0,76,228.9473684210526
Tamil Nadu,2020,3,251,0,33.8,15.3,48.0,76,330.2631578947369
Tamil Nadu,2020,4,310,0,26.2,1.6,33.4,76,407.8947368421052
Tamil Nadu,2020,5,221,0,30.5,4.6,75.9,76,290.7894736842105
Tamil Nadu,2020,6,790,2,25.2,5.3,71.9,76,1039.4736842105265
Tamil Nadu,2020,7,1407,3,31.8,201.2,66.6,76,1851.3157894736842
Tamil Nadu,2020,8,3399,5,28.6,425.5,93.9,76,4472.368421052632
Tamil Nadu,2020,9,2375,6,29.8,182.7,88.1,76,3125.0
Tamil Nadu,2020,10,1774,2,26.6,289.9,81.8,76,2334.2105263157896
Tamil Nadu,2020,11,1606,3,31.2,5.7,48.8,76,2113.157894736842
Tamil Nadu,2020,12,1803,2,32.8,5.5,58.7,76,2372.3684210526317
Tamil Nadu,2021,1,360,0,34.3,5.3,44.4,76,473.6842105263157
Tamil Nadu,2021,2,271,0,27.0,4.5,55.2,76,356.57894736842104
Tamil Nadu,2021,3,161,0,24.9,28.2,43.0,76,211.84210526315786
Tamil Nadu,2021,4,183,0,30.5,16.2,56.0,76,240.78947368421052
Tamil Nadu,2021,5,442,0,20.5,0.8,49.6,76,581.578947368421
Tamil Nadu,2021,6,963,2,35.6,1.7,61.7,76,1267.1052631578948
Tamil Nadu,2021,7,1682,2,28.9,219.3,76.2,76,2213.157894736842
Tamil Nadu,2021,8,3419,6,27.4,219.5,72.8,76,4498.684210526316
Tamil Nadu,2021,9,1256,2,25.6,137.4,74.9,76,1652.6315789473686
Tamil Nadu,2021,10,1627,4,30.7,208.0,75.9,76,2140.7894736842104
Tamil Nadu,2021,11,1189,1,29.9,39.8,61.9,76,1564.4736842105265
Tamil Nadu,2021,12,800,0,26.7,35.8,86.2,76,1052.6315789473686
Tamil Nadu,2022,1,211,0,36.7,1.6,39.0,76,277.6315789473684
Tamil Nadu,2022,2,307,0,36.1,1.2,89.9,76,403.94736842105266
Tamil Nadu,2022,3,277,0,34.8,12.3,37.6,76,364.4736842105263
Tamil Nadu,2022,4,307,0,26.9,29.1,49.1,76,403.94736842105266
Tamil Nadu,2022,5,500,0,35.6,5.3,59.3,76,657.8947368421052
Tamil Nadu,2022,6,1112,1,37.6,6.1,50.9,76,1463.157894736842
Tamil Nadu,2022,7,1983,5,25.6,318.6,67.3,76,2609.2105263157896
Tamil Nadu,2022,8,3519,7,27.2,150.9,80.1,76,4630.263157894737
Tamil Nadu,2022,9,2375,6,27.8,105.0,74.9,76,3125.0
Tamil Nadu,2022,10,4736,12,31.4,58.0,77.0,76,6231.578947368421
Tamil Nadu,2022,11,2324,3,36.3,5.0,51.0,76,3057.894736842105
Tamil Nadu,2022,12,1221,1,35.9,3.8,59.8,76,1606.5789473684208
Tamil Nadu,2023,1,317,0,30.4,22.4,35.7,76,417.1052631578948
Tamil Nadu,2023,2,282,0,29.1,21.4,53.1,76,371.0526315789474
Tamil Nadu,2023,3,318,0,37.6,5.4,34.1,76,418.42105263157896
Tamil Nadu,2023,4,399,0,27.2,0.1,46.2,76,525.0
Tamil Nadu,2023,5,251,0,42.4,22.1,52.9,76,330.2631578947369
Tamil Nadu,2023,6,1035,2,33.1,7.8,54.6,76,1361.842105263158
Tamil Nadu,2023,7,2754,4,31.4,167.9,88.1,76,3623.684210526316
Tamil Nadu,2023,8,2606,3,27.9,240.7,66.6,76,3428.947368421053
Tamil Nadu,2023,9,4034,6,26.9,126.9,54.7,76,5307.894736842106
Tamil Nadu,2023,10,2135,5,32.6,173.6,87.3,76,2809.2105263157896
Tamil Nadu,2023,11,1982,2,33.3,3.9,43.0,76,2607.894736842105
Tamil Nadu,2023,12,1818,4,30.4,18.1,57.9,76,2392.105263157895
Tamil Nadu,2024,1,236,0,26.6,7.2,35.0,76,310.5263157894737
Tamil Nadu,2024,2,322,0,36.1,27.9,30.2,76,423.6842105263157
Tamil Nadu,2024,3,269,0,34.0,10.9,56.1,76,353.9473684210526
Tamil Nadu,2024,4,404,0,28.1,5.9,52.3,76,531.578947368421
Tamil Nadu,2024,5,282,0,31.5,4.8,42.0,76,371.0526315789474
Tamil Nadu,2024,6,1691,4,31.1,19.5,56.3,76,2225.0
Tamil Nadu,2024,7,2158,2,27.2,282.3,69.7,76,2839.4736842105262
Tamil Nadu,2024,8,2114,5,33.5,55.6,72.0,76,2781.578947368421
Tamil Nadu,2024,9,2810,7,24.8,227.5,84.0,76,3697.3684210526317
Tamil Nadu,2024,10,2961,3,27.5,191.4,70.3,76,3896.052631578947
Tamil Nadu,2024,11,2076,2,36.6,17.8,36.1,76,2731.578947368421
Tamil Nadu,2024,12,1534,3,33.1,17.7,59.6,76,2018.4210526315792
Maharashtra,2015,1,86,0,36.0,5.6,40.2,123,69.91869918699187
Maharashtra,2015,2,243,0,35.5,5.9,53.5,123,197.5609756097561
Maharashtra,2015,3,92,0,37.3,12.1,51.1,123,74.79674796747967
Maharashtra,2015,4,155,0,31.0,10.6,20.0,123,126.01626016260164
Maharashtra,2015,5,159,0,34.2,7.1,40.7,123,129.26829268292684
Maharashtra,2015,6,659,1,30.2,0.5,20.0,123,535.7723577235772
Maharashtra,2015,7,636,0,25.9,163.0,54.3,123,517.0731707317074
Maharashtra,2015,8,1367,3,30.3,164.4,75.1,123,1111.382113821138
Maharashtra,2015,9,1429,1,25.7,233.3,100.0,123,1161.7886178861788
Maharashtra,2015,10,2071,4,30.0,110.9,77.7,123,1683.7398373983738
Maharashtra,2015,11,635,1,32.1,12.1,39.4,123,516.260162601626
Maharashtra,2015,12,466,1,35.3,12.5,47.3,123,378.8617886178862
Maharashtra,2016,1,164,0,35.6,31.0,42.8,123,133.33333333333331
Maharashtra,2016,2,145,0,32.6,11.6,40.8,123,117.88617886178862
Maharashtra,2016,3,117,0,28.4,4.6,46.8,123,95.1219512195122
Maharashtra,2016,4,113,0,34.0,11.0,47.5,123,91.869918699187
Maharashtra,2016,5,168,0,37.6,0.1,60.6,123,136.58536585365854
Maharashtra,2016,6,558,0,33.5,1.3,59.5,123,453.6585365853658
Maharashtra,2016,7,890,1,28.3,64.1,68.5,123,723.5772357723577
Maharashtra,2016,8,2106,5,28.3,52.4,82.3,123,1712.1951219512193
Maharashtra,2016,9,2126,4,29.3,422.0,67.5,123,1728.4552845528456
Maharashtra,2016,10,1512,2,26.0,238.7,79.9,123,1229.2682926829268
Maharashtra,2016,11,637,1,35.2,8.7,69.6,123,517.8861788617886
Maharashtra,2016,12,565,1,28.1,1.8,72.2,123,459.349593495935
Maharashtra,2017,1,250,0,31.1,4.2,69.7,123,203.25203252032523
Maharashtra,2017,2,220,0,31.4,3.7,39.3,123,178.86178861788616
Maharashtra,2017,3,179,0,38.5,2.5,49.6,123,145.52845528455285
Maharashtra,2017,4,194,0,31.8,0.3,32.8,123,157.72357723577235
Maharashtra,2017,5,147,0,32.0,0.4,48.7,123,119.51219512195121
Maharashtra,2017,6,1016,2,24.8,23.0,44.7,123,826.0162601626016
Maharashtra,2017,7,768,1,27.0,71.9,60.1,123,624.390243902439
Maharashtra,2017,8,961,1,28.4,378.9,77.5,123,781.3008130081301
Maharashtra,2017,9,911,1,26.4,87.1,66.3,123,740.650406504065
Maharashtra,2017,10,772,2,30.2,167.4,63.9,123,627.6422764227642
Maharashtra,2017,11,1979,4,30.9,21.2,66.5,123,1608.9430894308944
Maharashtra,2017,12,1823,2,30.2,0.4,30.9,123,1482.1138211382113
Maharashtra,2018,1,198,0,26.0,33.3,53.8,123,160.97560975609758
Maharashtra,2018,2,207,0,30.6,15.8,54.2,123,168.29268292682926
Maharashtra,2018,3,170,0,30.5,1.6,55.7,123,138.21138211382114
Maharashtra,2018,4,131,0,33.0,4.7,65.7,123,106.5040650406504
Maharashtra,2018,5,442,0,29.4,4.9,20.0,123,359.3495934959349
Maharashtra,2018,6,1018,1,36.8,14.5,44.9,123,827.6422764227643
Maharashtra,2018,7,1374,3,28.3,319.1,73.0,123,1117.0731707317073
Maharashtra,2018,8,1368,2,19.2,441.8,72.6,123,1112.1951219512193
Maharashtra,2018,9,2295,3,29.2,316.3,69.7,123,1865.8536585365855
Maharashtra,2018,10,2193,5,29.5,237.2,82.2,123,1782.9268292682925
Maharashtra,2018,11,1585,1,35.0,14.5,55.3,123,1288.617886178862
Maharashtra,2018,12,704,1,28.7,5.2,49.6,123,572.3577235772358
Maharashtra,2019,1,191,0,31.4,1.2,21.6,123,155.28455284552845
Maharashtra,2019,2,111,0,37.8,12.3,50.0,123,90.2439024390244
Maharashtra,2019,3,169,0,28.9,3.3,62.4,123,137.39837398373984
Maharashtra,2019,4,183,0,25.8,10.2,48.0,123,148.78048780487805
Maharashtra,2019,5,190,0,33.1,10.4,20.0,123,154.47154471544715
Maharashtra,2019,6,1146,3,29.4,11.5,52.8,123,931.7073170731707
Maharashtra,2019,7,1349,2,25.1,206.9,88.7,123,1096.7479674796748
Maharashtra,2019,8,1538,3,26.5,57.9,74.7,123,1250.4065040650407
Maharashtra,2019,9,1631,4,28.5,129.7,75.2,123,1326.0162601626016
Maharashtra,2019,10,1202,3,28.5,112.8,86.3,123,977.2357723577235
Maharashtra,2019,11,1271,2,28.7,3.8,53.9,123,1033.3333333333335
Maharashtra,2019,12,974,1,31.1,33.3,61.3,123,791.869918699187
Maharashtra,2020,1,247,0,29.7,4.9,71.3,123,200.81300813008133
Maharashtra,2020,2,192,0,34.1,11.0,37.8,123,156.09756097560975
Maharashtra,2020,3,269,0,32.8,1.1,59.2,123,218.6991869918699
Maharashtra,2020,4,121,0,33.6,6.9,48.1,123,98.3739837398374
Maharashtra,2020,5,179,0,22.8,4.6,42.4,123,145.52845528455285
Maharashtra,2020,6,1129,2,36.9,19.0,45.2,123,917.8861788617887
Maharashtra,2020,7,784,0,24.6,158.4,78.7,123,637.3983739837398
Maharashtra,2020,8,1312,3,30.5,334.4,83.1,123,1066.6666666666665
Maharashtra,2020,9,1592,1,32.9,202.4,73.5,123,1294.3089430894308
Maharashtra,2020,10,1750,3,27.5,61.9,76.2,123,1422.7642276422764
Maharashtra,2020,11,1581,1,28.0,5.2,86.2,123,1285.3658536585365
Maharashtra,2020,12,657,1,34.2,7.3,49.4,123,534.1463414634146
Maharashtra,2021,1,196,0,36.5,14.8,56.6,123,159.34959349593495
Maharashtra,2021,2,201,0,31.0,3.1,52.9,123,163.41463414634146
Maharashtra,2021,3,197,0,38.2,4.6,52.5,123,160.16260162601625
Maharashtra,2021,4,120,0,34.7,6.1,60.2,123,97.5609756097561
Maharashtra,2021,5,119,0,28.7,2.6,48.5,123,96.7479674796748
Maharashtra,2021,6,981,2,29.2,31.7,49.4,123,797.560975609756
Maharashtra,2021,7,1161,2,28.7,164.3,68.5,123,943.9024390243903
Maharashtra,2021,8,2264,4,27.0,223.6,89.1,123,1840.650406504065
Maharashtra,2021,9,1817,3,31.4,92.6,83.5,123,1477.2357723577236
Maharashtra,2021,10,1517,1,29.4,216.8,81.2,123,1233.3333333333335
Maharashtra,2021,11,1374,2,40.4,31.7,25.9,123,1117.0731707317073
Maharashtra,2021,12,923,1,29.9,3.2,53.4,123,750.4065040650406
Maharashtra,2022,1,186,0,37.5,5.7,28.6,123,151.21951219512195
Maharashtra,2022,2,125,0,33.8,2.8,55.6,123,101.62601626016261
Maharashtra,2022,3,166,0,33.8,9.0,52.8,123,134.95934959349594
Maharashtra,2022,4,230,0,34.2,23.8,41.3,123,186.9918699186992
Maharashtra,2022,5,191,0,32.1,1.8,77.1,123,155.28455284552845
Maharashtra,2022,6,1580,3,37.6,1.8,67.6,123,1284.5528455284552
Maharashtra,2022,7,927,1,29.1,249.2,72.9,123,753.6585365853658
Maharashtra,2022,8,1776,3,29.8,232.1,82.1,123,1443.9024390243903
Maharashtra,2022,9,2531,7,27.8,117.2,78.4,123,2057.7235772357726
Maharashtra,2022,10,1156,2,27.5,82.4,59.0,123,939.8373983739838
Maharashtra,2022,11,1764,4,36.0,2.9,20.4,123,1434.1463414634147
Maharashtra,2022,12,1016,1,29.2,25.0,41.0,123,826.0162601626016
Maharashtra,2023,1,258,0,28.2,0.4,43.9,123,209.7560975609756
Maharashtra,2023,2,341,0,25.8,8.7,79.8,123,277.2357723577236
Maharashtra,2023,3,276,0,32.4,4.4,47.2,123,224.39024390243904
Maharashtra,2023,4,144,0,30.6,2.3,20.0,123,117.07317073170731
Maharashtra,2023,5,222,0,33.5,19.3,20.0,123,180.4878048780488
Maharashtra,2023,6,1287,1,30.1,11.8,64.4,123,1046.341463414634
Maharashtra,2023,7,1203,1,31.6,194.0,85.5,123,978.048780487805
Maharashtra,2023,8,1515,2,27.8,257.7,49.4,123,1231.7073170731708
Maharashtra,2023,9,1251,2,24.7,326.3,83.2,123,1017.0731707317073
Maharashtra,2023,10,2656,6,26.0,279.1,80.8,123,2159.349593495935
Maharashtra,2023,11,2145,4,31.0,41.9,41.0,123,1743.90243902439
Maharashtra,2023,12,818,2,29.6,7.9,53.4,123,665.040650406504
Maharashtra,2024,1,138,0,34.1,8.8,59.8,123,112.19512195121952
Maharashtra,2024,2,395,0,35.9,1.1,62.1,123,321.1382113821138
Maharashtra,2024,3,283,0,44.4,27.0,58.0,123,230.0813008130081
Maharashtra,2024,4,265,0,35.3,11.9,48.9,123,215.4471544715447
Maharashtra,2024,5,156,0,33.7,16.5,41.6,123,126.82926829268293
Maharashtra,2024,6,1085,1,36.2,8.3,64.1,123,882.1138211382113
Maharashtra,2024,7,1327,3,30.0,230.3,69.7,123,1078.8617886178863
Maharashtra,2024,8,2840,5,27.8,177.6,79.5,123,2308.9430894308944
Maharashtra,2024,9,2520,5,29.7,418.5,75.4,123,2048.7804878048782
Maharashtra,2024,10,1883,2,26.4,103.5,72.2,123,1530.8943089430893
Maharashtra,2024,11,1744,2,28.5,20.5,65.9,123,1417.8861788617887
Maharashtra,2024,12,973,2,36.4,17.9,79.0,123,791.0569105691056
West Bengal,2015,1,99,0,32.6,3.4,34.6,98,101.0204081632653
West Bengal,2015,2,127,0,36.9,5.2,37.0,98,129.59183673469389
West Bengal,2015,3,127,0,25.2,4.0,47.7,98,129.59183673469389
West Bengal,2015,4,134,0,37.5,10.0,67.2,98,136.73469387755102
West Bengal,2015,5,112,0,26.7,1.1,35.5,98,114.28571428571428
West Bengal,2015,6,699,1,26.7,35.3,51.2,98,713.265306122449
West Bengal,2015,7,638,0,25.2,128.4,92.0,98,651.0204081632653
West Bengal,2015,8,1596,3,26.0,61.8,73.7,98,1628.5714285714284
West Bengal,2015,9,2478,5,28.2,175.5,76.9,98,2528.5714285714284
West Bengal,2015,10,1071,2,32.0,322.5,85.1,98,1092.857142857143
West Bengal,2015,11,1107,1,28.3,20.1,58.3,98,1129.591836734694
West Bengal,2015,12,700,1,38.7,11.4,60.9,98,714.2857142857143
West Bengal,2016,1,154,0,31.8,2.9,58.6,98,157.14285714285714
West Bengal,2016,2,156,0,30.5,11.2,56.3,98,159.18367346938774
West Bengal,2016,3,201,0,31.3,13.8,48.0,98,205.10204081632654
West Bengal,2016,4,266,0,38.7,0.1,42.6,98,271.42857142857144
West Bengal,2016,5,170,0,37.5,2.8,42.5,98,173.46938775510205
West Bengal,2016,6,622,0,33.4,0.1,58.5,98,634.6938775510205
West Bengal,2016,7,882,2,25.9,399.8,72.0,98,900.0
West Bengal,2016,8,1611,2,28.7,225.2,79.5,98,1643.8775510204082
West Bengal,2016,9,1252,2,30.2,355.2,81.8,98,1277.5510204081631
West Bengal,2016,10,1244,3,28.1,198.5,82.7,98,1269.387755102041
West Bengal,2016,11,1623,3,26.5,11.0,46.5,98,1656.1224489795918
West Bengal,2016,12,1431,4,35.3,5.6,34.7,98,1460.204081632653
West Bengal,2017,1,213,0,28.9,0.7,41.8,98,217.3469387755102
West Bengal,2017,2,142,0,29.2,6.8,50.1,98,144.89795918367346
West Bengal,2017,3,151,0,37.8,3.0,45.8,98,154.08163265306123
West Bengal,2017,4,195,0,34.2,21.3,34.4,98,198.9795918367347
West Bengal,2017,5,128,0,35.9,3.4,33.7,98,130.6122448979592
West Bengal,2017,6,953,1,23.4,4.4,58.0,98,972.4489795918367
West Bengal,2017,7,1026,2,29.6,94.1,61.4,98,1046.938775510204
West Bengal,2017,8,2175,5,25.4,79.3,75.1,98,2219.3877551020405
West Bengal,2017,9,1901,2,29.4,148.5,90.9,98,1939.7959183673468
West Bengal,2017,10,2211,4,25.2,100.9,82.4,98,2256.122448979592
West Bengal,2017,11,754,0,35.7,1.8,39.4,98,769.3877551020408
West Bengal,2017,12,545,0,32.4,9.4,27.1,98,556.1224489795918
West Bengal,2018,1,322,0,29.7,32.2,65.3,98,328.57142857142856
West Bengal,2018,2,132,0,37.4,11.9,20.0,98,134.6938775510204
West Bengal,2018,3,227,0,34.1,5.3,54.9,98,231.6326530612245
West Bengal,2018,4,131,0,33.0,1.2,36.2,98,133.67346938775512
West Bengal,2018,5,160,0,30.4,2.3,62.9,98,163.26530612244898
West Bengal,2018,6,1893,4,21.3,0.2,53.9,98,1931.6326530612243
West Bengal,2018,7,1251,3,24.7,97.1,83.4,98,1276.530612244898
West Bengal,2018,8,2396,4,33.3,220.2,78.4,98,2444.8979591836737
West Bengal,2018,9,1356,2,26.1,217.2,72.0,98,1383.6734693877552
West Bengal,2018,10,1437,2,27.8,158.2,84.4,98,1466.3265306122448
West Bengal,2018,11,1384,1,32.8,16.3,21.9,98,1412.2448979591836
West Bengal,2018,12,719,1,27.0,0.7,27.9,98,733.6734693877551
West Bengal,2019,1,127,0,23.2,10.7,59.8,98,129.59183673469389
West Bengal,2019,2,206,0,33.1,0.7,72.7,98,210.20408163265304
West Bengal,2019,3,274,0,37.8,13.9,51.3,98,279.5918367346939
West Bengal,2019,4,157,0,36.3,13.6,72.9,98,160.20408163265304
West Bengal,2019,5,197,0,30.1,13.9,53.0,98,201.0204081632653
West Bengal,2019,6,660,1,35.1,8.6,54.7,98,673.469387755102
West Bengal,2019,7,865,1,29.2,104.1,84.3,98,882.6530612244899
West Bengal,2019,8,1370,3,25.6,277.4,73.4,98,1397.9591836734694
West Bengal,2019,9,1297,3,32.6,311.2,81.0,98,1323.469387755102
West Bengal,2019,10,2153,3,30.7,78.1,86.1,98,2196.938775510204
West Bengal,2019,11,829,2,28.2,9.0,62.7,98,845.9183673469388
West Bengal,2019,12,973,1,34.9,2.1,61.4,98,992.8571428571429
West Bengal,2020,1,117,0,29.8,5.7,55.2,98,119.38775510204083
West Bengal,2020,2,169,0,27.1,22.8,67.5,98,172.44897959183675
West Bengal,2020,3,206,0,34.9,55.6,55.0,98,210.20408163265304
West Bengal,2020,4,235,0,29.2,1.0,51.9,98,239.79591836734696
West Bengal,2020,5,174,0,34.4,60.4,34.7,98,177.55102040816325
West Bengal,2020,6,1296,1,36.9,8.4,41.0,98,1322.4489795918369
West Bengal,2020,7,1403,2,24.1,343.1,81.3,98,1431.6326530612243
West Bengal,2020,8,1958,4,31.3,292.3,78.3,98,1997.9591836734694
West Bengal,2020,9,2178,6,28.1,410.2,70.1,98,2222.4489795918366
West Bengal,2020,10,2262,4,23.8,164.3,80.6,98,2308.1632653061224
West Bengal,2020,11,1074,2,35.5,0.5,79.3,98,1095.9183673469388
West Bengal,2020,12,1689,4,34.2,1.8,47.6,98,1723.469387755102
West Bengal,2021,1,168,0,32.0,10.5,38.9,98,171.42857142857142
West Bengal,2021,2,353,0,27.2,12.2,55.6,98,360.2040816326531
West Bengal,2021,3,251,0,29.9,1.9,73.3,98,256.1224489795918
West Bengal,2021,4,209,0,28.1,5.1,95.9,98,213.26530612244898
West Bengal,2021,5,312,0,27.4,25.4,76.3,98,318.3673469387755
West Bengal,2021,6,694,1,28.8,9.3,47.8,98,708.1632653061224
West Bengal,2021,7,1700,5,29.9,167.9,77.1,98,1734.6938775510203
West Bengal,2021,8,1670,4,26.1,212.4,75.7,98,1704.0816326530614
West Bengal,2021,9,1833,2,27.4,218.2,78.1,98,1870.408163265306
West Bengal,2021,10,1682,2,25.8,127.2,68.0,98,1716.3265306122448
West Bengal,2021,11,1501,2,30.9,1.6,49.1,98,1531.6326530612243
West Bengal,2021,12,842,1,29.5,3.6,65.8,98,859.1836734693878
West Bengal,2022,1,213,0,30.6,4.4,43.2,98,217.3469387755102
West Bengal,2022,2,200,0,30.5,4.2,55.0,98,204.08163265306123
West Bengal,2022,3,221,0,28.6,8.3,44.6,98,225.51020408163268
West Bengal,2022,4,196,0,27.3,9.8,50.3,98,200.0
West Bengal,2022,5,171,0,24.9,6.2,63.7,98,174.48979591836735
West Bengal,2022,6,1754,4,27.3,12.9,20.0,98,1789.7959183673468
West Bengal,2022,7,1241,1,30.4,146.5,83.1,98,1266.3265306122448
West Bengal,2022,8,2943,5,30.5,399.4,74.3,98,3003.061224489796
West Bengal,2022,9,3236,4,27.8,158.4,85.5,98,3302.040816326531
West Bengal,2022,10,3940,5,27.2,209.6,62.4,98,4020.4081632653065
West Bengal,2022,11,951,1,31.4,8.0,72.2,98,970.4081632653061
West Bengal,2022,12,843,2,26.8,3.3,54.4,98,860.204081632653
West Bengal,2023,1,224,0,29.8,3.4,33.4,98,228.57142857142856
West Bengal,2023,2,299,0,29.9,0.9,67.9,98,305.1020408163265
West Bengal,2023,3,257,0,32.8,1.9,33.5,98,262.2448979591837
West Bengal,2023,4,246,0,30.6,3.1,58.1,98,251.0204081632653
West Bengal,2023,5,176,0,36.9,1.6,20.0,98,179.59183673469389
West Bengal,2023,6,792,1,35.3,0.4,49.6,98,808.1632653061224
West Bengal,2023,7,1166,2,26.0,176.8,83.9,98,1189.795918367347
West Bengal,2023,8,1882,2,29.4,79.3,86.7,98,1920.408163265306
West Bengal,2023,9,2739,5,28.4,45.6,75.2,98,2794.8979591836737
West Bengal,2023,10,1918,2,21.7,403.0,59.5,98,1957.1428571428573
West Bengal,2023,11,1096,1,29.7,9.4,54.9,98,1118.3673469387757
West Bengal,2023,12,873,1,29.8,16.2,71.4,98,890.8163265306122
West Bengal,2024,1,271,0,29.1,11.3,61.4,98,276.53061224489795
West Bengal,2024,2,226,0,32.5,0.7,73.0,98,230.6122448979592
West Bengal,2024,3,253,0,31.2,32.6,49.0,98,258.16326530612247
West Bengal,2024,4,306,0,32.8,9.5,32.4,98,312.2448979591837
West Bengal,2024,5,292,0,28.4,3.3,64.3,98,297.9591836734694
West Bengal,2024,6,740,0,36.2,46.2,33.7,98,755.1020408163265
West Bengal,2024,7,1025,2,23.1,148.3,70.3,98,1045.9183673469388
West Bengal,2024,8,2515,5,29.0,93.9,74.4,98,2566.326530612245
West Bengal,2024,9,2778,5,27.4,67.3,83.2,98,2834.6938775510203
West Bengal,2024,10,2599,6,25.2,406.7,72.3,98,2652.0408163265306
West Bengal,2024,11,1128,3,28.7,2.0,40.9,98,1151.0204081632653
West Bengal,2024,12,1817,2,24.5,1.3,53.4,98,1854.0816326530614
Odisha,2015,1,52,0,24.4,9.1,49.0,45,115.55555555555554
Odisha,2015,2,92,0,31.0,7.9,45.8,45,204.44444444444443
Odisha,2015,3,132,0,34.2,17.2,53.0,45,293.3333333333333
Odisha,2015,4,87,0,35.2,5.1,57.0,45,193.33333333333334
Odisha,2015,5,78,0,27.5,1.3,86.2,45,173.33333333333334
Odisha,2015,6,700,0,29.3,0.3,56.4,45,1555.5555555555554
Odisha,2015,7,572,0,28.8,88.3,74.3,45,1271.111111111111
Odisha,2015,8,912,1,26.8,430.0,60.8,45,2026.6666666666665
Odisha,2015,9,679,1,31.2,141.8,53.4,45,1508.888888888889
Odisha,2015,10,580,1,26.2,301.8,74.3,45,1288.888888888889
Odisha,2015,11,578,1,30.2,4.8,58.3,45,1284.4444444444446
Odisha,2015,12,354,0,33.8,6.1,56.2,45,786.6666666666666
Odisha,2016,1,78,0,32.8,7.6,56.7,45,173.33333333333334
Odisha,2016,2,80,0,29.9,1.8,52.4,45,177.77777777777777
Odisha,2016,3,85,0,30.6,5.4,52.6,45,188.88888888888889
Odisha,2016,4,65,0,28.4,10.8,46.8,45,144.44444444444443
Odisha,2016,5,49,0,36.6,16.9,45.0,45,108.88888888888889
Odisha,2016,6,230,0,37.5,1.1,34.0,45,511.1111111111111
Odisha,2016,7,472,1,26.3,203.6,71.2,45,1048.888888888889
Odisha,2016,8,1068,1,27.7,137.2,76.5,45,2373.3333333333335
Odisha,2016,9,729,2,33.3,185.1,78.5,45,1620.0
Odisha,2016,10,665,1,28.7,258.0,89.6,45,1477.7777777777778
Odisha,2016,11,480,1,29.1,13.1,77.3,45,1066.6666666666665
Odisha,2016,12,558,0,33.1,7.8,46.5,45,1240.0
Odisha,2017,1,166,0,31.3,18.6,54.6,45,368.8888888888889
Odisha,2017,2,80,0,21.3,8.5,46.6,45,177.77777777777777
Odisha,2017,3,122,0,31.6,13.0,56.3,45,271.11111111111114
Odisha,2017,4,71,0,27.3,29.3,70.2,45,157.77777777777777
Odisha,2017,5,94,0,38.6,11.6,66.1,45,208.8888888888889
Odisha,2017,6,602,0,27.4,3.7,20.0,45,1337.7777777777778
Odisha,2017,7,514,0,27.1,90.2,66.6,45,1142.2222222222222
Odisha,2017,8,708,1,31.1,391.9,71.3,45,1573.3333333333333
Odisha,2017,9,705,1,27.6,263.7,75.8,45,1566.6666666666665
Odisha,2017,10,1115,1,28.2,146.7,68.2,45,2477.777777777778
Odisha,2017,11,326,0,25.1,36.4,72.4,45,724.4444444444445
Odisha,2017,12,521,1,33.4,3.2,46.4,45,1157.7777777777778
Odisha,2018,1,72,0,31.6,17.9,41.0,45,160.0
Odisha,2018,2,71,0,34.6,17.0,20.2,45,157.77777777777777
Odisha,2018,3,105,0,20.4,4.1,44.4,45,233.33333333333334
Odisha,2018,4,106,0,22.5,8.5,59.1,45,235.55555555555557
Odisha,2018,5,143,0,30.2,4.5,39.6,45,317.77777777777777
Odisha,2018,6,333,0,28.5,0.4,73.5,45,740.0
Odisha,2018,7,690,1,24.0,268.1,71.9,45,1533.3333333333335
Odisha,2018,8,1154,3,23.6,139.4,80.2,45,2564.4444444444443
Odisha,2018,9,612,0,24.7,153.5,89.0,45,1360.0
Odisha,2018,10,498,1,30.7,420.2,72.2,45,1106.6666666666667
Odisha,2018,11,810,1,25.9,4.0,21.8,45,1800.0
Odisha,2018,12,507,1,32.8,27.2,63.9,45,1126.6666666666667
Odisha,2019,1,107,0,28.2,14.5,39.8,45,237.77777777777777
Odisha,2019,2,117,0,30.4,1.3,43.2,45,260.0
Odisha,2019,3,53,0,38.7,11.5,72.8,45,117.77777777777779
Odisha,2019,4,65,0,39.3,14.6,60.9,45,144.44444444444443
Odisha,2019,5,124,0,37.5,2.5,60.4,45,275.55555555555554
Odisha,2019,6,238,0,33.3,13.2,45.7,45,528.8888888888889
Odisha,2019,7,544,0,26.7,49.7,73.1,45,1208.888888888889
Odisha,2019,8,693,1,24.8,434.0,69.5,45,1540.0
Odisha,2019,9,900,1,28.6,288.6,67.3,45,2000.0
Odisha,2019,10,827,2,23.0,304.5,64.3,45,1837.7777777777776
Odisha,2019,11,620,1,32.9,12.0,22.1,45,1377.7777777777778
Odisha,2019,12,485,0,32.6,11.4,48.3,45,1077.7777777777778
Odisha,2020,1,134,0,28.5,10.8,39.3,45,297.77777777777777
Odisha,2020,2,64,0,38.9,13.0,67.5,45,142.22222222222223
Odisha,2020,3,74,0,28.5,1.0,44.3,45,164.44444444444443
Odisha,2020,4,101,0,33.1,13.1,44.3,45,224.44444444444446
Odisha,2020,5,94,0,28.3,2.9,70.3,45,208.8888888888889
Odisha,2020,6,1074,1,30.8,31.6,59.1,45,2386.6666666666665
Odisha,2020,7,522,0,21.5,280.7,61.1,45,1160.0
Odisha,2020,8,1018,2,26.1,157.1,74.7,45,2262.222222222222
Odisha,2020,9,574,1,31.8,217.6,66.8,45,1275.5555555555557
Odisha,2020,10,1034,2,24.5,315.2,65.8,45,2297.777777777778
Odisha,2020,11,624,1,36.4,14.0,65.9,45,1386.6666666666667
Odisha,2020,12,278,0,36.3,9.7,43.1,45,617.7777777777778
Odisha,2021,1,209,0,30.6,1.3,56.2,45,464.44444444444446
Odisha,2021,2,193,0,29.4,0.9,67.7,45,428.88888888888886
Odisha,2021,3,176,0,36.4,0.4,57.1,45,391.1111111111111
Odisha,2021,4,104,0,31.9,3.7,62.5,45,231.1111111111111
Odisha,2021,5,83,0,38.4,4.5,58.6,45,184.44444444444446
Odisha,2021,6,621,1,40.7,12.1,20.0,45,1380.0
Odisha,2021,7,546,1,24.9,328.1,89.3,45,1213.3333333333333
Odisha,2021,8,726,2,30.0,170.5,77.2,45,1613.3333333333333
Odisha,2021,9,981,2,26.2,167.9,62.5,45,2180.0
Odisha,2021,10,1300,2,24.5,64.6,72.9,45,2888.888888888889
Odisha,2021,11,684,1,29.2,10.4,79.3,45,1520.0
Odisha,2021,12,414,0,34.0,1.6,86.7,45,919.9999999999999
Odisha,2022,1,72,0,25.3,1.4,34.6,45,160.0
Odisha,2022,2,82,0,30.6,2.3,51.2,45,182.22222222222223
Odisha,2022,3,107,0,32.9,4.2,65.4,45,237.77777777777777
Odisha,2022,4,128,0,37.6,8.3,46.9,45,284.44444444444446
Odisha,2022,5,80,0,31.7,5.7,48.9,45,177.77777777777777
Odisha,2022,6,556,0,32.7,14.1,68.0,45,1235.5555555555557
Odisha,2022,7,883,2,34.8,147.3,67.9,45,1962.2222222222224
Odisha,2022,8,1166,2,29.3,32.1,76.9,45,2591.1111111111113
Odisha,2022,9,1601,1,26.0,147.4,62.4,45,3557.7777777777774
Odisha,2022,10,655,0,30.5,204.0,72.1,45,1455.5555555555554
Odisha,2022,11,950,2,33.7,8.9,56.3,45,2111.111111111111
Odisha,2022,12,601,1,29.8,17.5,68.6,45,1335.5555555555557
Odisha,2023,1,70,0,34.1,7.8,48.5,45,155.55555555555557
Odisha,2023,2,123,0,34.0,8.5,71.0,45,273.3333333333333
Odisha,2023,3,72,0,34.8,0.8,32.9,45,160.0
Odisha,2023,4,100,0,31.2,2.3,41.9,45,222.22222222222223
Odisha,2023,5,98,0,20.3,4.8,80.8,45,217.77777777777777
Odisha,2023,6,421,0,32.8,0.6,51.9,45,935.5555555555557
Odisha,2023,7,837,0,28.5,299.8,96.0,45,1860.0000000000002
Odisha,2023,8,1088,1,26.6,163.2,58.6,45,2417.777777777778
Odisha,2023,9,1785,3,30.9,46.6,63.9,45,3966.6666666666665
Odisha,2023,10,1222,3,26.9,177.3,76.1,45,2715.5555555555557
Odisha,2023,11,843,1,28.3,2.7,26.0,45,1873.3333333333335
Odisha,2023,12,354,0,36.2,6.4,36.5,45,786.6666666666666
Odisha,2024,1,68,0,32.2,2.5,50.8,45,151.11111111111111
Odisha,2024,2,150,0,25.2,2.0,41.0,45,333.33333333333337
Odisha,2024,3,120,0,38.8,17.9,23.8,45,266.66666666666663
Odisha,2024,4,78,0,33.1,11.8,46.2,45,173.33333333333334
Odisha,2024,5,122,0,34.0,56.6,20.0,45,271.11111111111114
Odisha,2024,6,382,0,28.7,1.4,70.5,45,848.8888888888889
Odisha,2024,7,784,1,22.5,100.0,63.2,45,1742.2222222222222
Odisha,2024,8,901,1,34.3,382.3,87.0,45,2002.2222222222222
Odisha,2024,9,1394,3,30.6,98.3,81.6,45,3097.777777777778
Odisha,2024,10,698,1,24.7,179.9,93.1,45,1551.111111111111
Odisha,2024,11,739,2,24.6,13.3,49.5,45,1642.2222222222222
Odisha,2024,12,533,1,30.6,1.9,36.6,45,1184.4444444444446
Andhra Pradesh,2015,1,74,0,23.2,7.4,67.9,53,139.62264150943395
Andhra Pradesh,2015,2,79,0,32.2,19.8,64.0,53,149.0566037735849
Andhra Pradesh,2015,3,78,0,30.8,13.9,69.7,53,147.16981132075472
Andhra Pradesh,2015,4,59,0,35.3,3.1,40.6,53,111.32075471698113
Andhra Pradesh,2015,5,60,0,40.5,5.6,70.0,53,113.20754716981132
Andhra Pradesh,2015,6,385,0,32.8,1.9,27.7,53,726.4150943396227
Andhra Pradesh,2015,7,712,1,31.7,148.0,88.4,53,1343.3962264150944
Andhra Pradesh,2015,8,796,2,34.9,75.0,79.8,53,1501.8867924528302
Andhra Pradesh,2015,9,858,1,25.1,297.7,72.2,53,1618.867924528302
Andhra Pradesh,2015,10,949,1,34.1,183.4,82.9,53,1790.566037735849
Andhra Pradesh,2015,11,591,0,26.6,37.5,43.8,53,1115.0943396226414
Andhra Pradesh,2015,12,514,1,32.8,15.2,61.4,53,969.811320754717
Andhra Pradesh,2016,1,92,0,28.1,11.1,45.7,53,173.58490566037736
Andhra Pradesh,2016,2,46,0,38.5,7.0,39.7,53,86.79245283018868
Andhra Pradesh,2016,3,61,0,28.7,5.2,61.5,53,115.09433962264151
Andhra Pradesh,2016,4,63,0,29.4,24.0,70.1,53,118.86792452830188
Andhra Pradesh,2016,5,50,0,30.6,31.3,55.6,53,94.33962264150944
Andhra Pradesh,2016,6,343,0,27.4,6.7,45.6,53,647.1698113207548
Andhra Pradesh,2016,7,596,1,28.8,204.5,69.4,53,1124.5283018867924
Andhra Pradesh,2016,8,789,1,28.4,220.5,97.2,53,1488.6792452830189
Andhra Pradesh,2016,9,872,2,26.9,122.1,73.7,53,1645.2830188679247
Andhra Pradesh,2016,10,692,0,30.2,245.9,83.2,53,1305.6603773584905
Andhra Pradesh,2016,11,619,0,36.1,11.3,63.1,53,1167.9245283018868
Andhra Pradesh,2016,12,676,1,30.5,0.6,46.9,53,1275.4716981132076
Andhra Pradesh,2017,1,55,0,27.5,18.1,44.1,53,103.77358490566037
Andhra Pradesh,2017,2,164,0,32.8,7.2,37.1,53,309.433962264151
Andhra Pradesh,2017,3,95,0,34.1,1.1,62.6,53,179.24528301886792
Andhra Pradesh,2017,4,99,0,35.7,4.5,55.4,53,186.7924528301887
Andhra Pradesh,2017,5,84,0,35.7,0.5,46.7,53,158.49056603773585
Andhra Pradesh,2017,6,331,0,32.7,3.2,64.9,53,624.5283018867925
Andhra Pradesh,2017,7,377,0,29.3,187.1,61.3,53,711.3207547169811
Andhra Pradesh,2017,8,831,2,31.0,168.6,63.6,53,1567.9245283018868
Andhra Pradesh,2017,9,1392,2,27.5,173.3,59.5,53,2626.4150943396226
Andhra Pradesh,2017,10,1427,2,26.1,245.0,65.0,53,2692.452830188679
Andhra Pradesh,2017,11,719,2,35.4,7.2,37.6,53,1356.6037735849056
Andhra Pradesh,2017,12,496,0,25.3,5.7,46.6,53,935.8490566037735
Andhra Pradesh,2018,1,99,0,30.5,2.5,29.8,53,186.7924528301887
Andhra Pradesh,2018,2,79,0,34.7,1.3,52.2,53,149.0566037735849
Andhra Pradesh,2018,3,59,0,28.0,7.2,47.3,53,111.32075471698113
Andhra Pradesh,2018,4,75,0,26.0,12.7,48.4,53,141.50943396226415
Andhra Pradesh,2018,5,121,0,29.2,11.3,20.5,53,228.30188679245285
Andhra Pradesh,2018,6,677,2,32.1,0.1,46.8,53,1277.3584905660377
Andhra Pradesh,2018,7,353,1,29.0,182.3,77.5,53,666.0377358490566
Andhra Pradesh,2018,8,738,1,25.1,338.6,60.8,53,1392.4528301886792
Andhra Pradesh,2018,9,680,0,31.0,139.7,64.4,53,1283.0188679245284
Andhra Pradesh,2018,10,787,2,22.7,232.3,84.2,53,1484.9056603773586
Andhra Pradesh,2018,11,418,0,23.7,1.1,48.7,53,788.6792452830189
Andhra Pradesh,2018,12,470,1,27.8,1.8,44.2,53,886.7924528301886
Andhra Pradesh,2019,1,84,0,32.7,0.8,69.5,53,158.49056603773585
Andhra Pradesh,2019,2,91,0,32.9,0.1,73.5,53,171.69811320754718
Andhra Pradesh,2019,3,69,0,31.3,3.3,53.2,53,130.18867924528303
Andhra Pradesh,2019,4,69,0,26.1,7.9,57.3,53,130.18867924528303
Andhra Pradesh,2019,5,114,0,32.1,15.9,20.5,53,215.0943396226415
Andhra Pradesh,2019,6,360,0,37.2,7.9,46.7,53,679.2452830188679
Andhra Pradesh,2019,7,576,0,26.9,171.7,80.6,53,1086.7924528301887
Andhra Pradesh,2019,8,759,1,26.8,210.3,88.1,53,1432.0754716981132
Andhra Pradesh,2019,9,1165,3,24.5,234.1,77.8,53,2198.11320754717
Andhra Pradesh,2019,10,1337,1,27.4,137.3,61.0,53,2522.6415094339623
Andhra Pradesh,2019,11,551,0,37.0,4.8,55.7,53,1039.622641509434
Andhra Pradesh,2019,12,743,1,30.7,3.6,67.7,53,1401.8867924528302
Andhra Pradesh,2020,1,143,0,36.4,2.3,43.1,53,269.811320754717
Andhra Pradesh,2020,2,119,0,31.4,1.2,45.1,53,224.52830188679246
Andhra Pradesh,2020,3,78,0,30.5,9.4,47.7,53,147.16981132075472
Andhra Pradesh,2020,4,86,0,26.5,1.6,42.0,53,162.26415094339623
Andhra Pradesh,2020,5,108,0,32.0,1.3,46.8,53,203.77358490566039
Andhra Pradesh,2020,6,367,0,31.1,33.8,59.9,53,692.4528301886793
Andhra Pradesh,2020,7,549,1,28.4,296.2,70.3,53,1035.8490566037735
Andhra Pradesh,2020,8,900,2,24.7,75.2,78.8,53,1698.1132075471698
Andhra Pradesh,2020,9,568,0,30.9,207.6,72.6,53,1071.698113207547
Andhra Pradesh,2020,10,909,1,28.9,200.7,78.0,53,1715.0943396226417
Andhra Pradesh,2020,11,984,2,23.2,24.0,47.6,53,1856.6037735849059
Andhra Pradesh,2020,12,438,0,33.6,4.2,67.3,53,826.4150943396226
Andhra Pradesh,2021,1,88,0,37.6,16.4,60.7,53,166.03773584905662
Andhra Pradesh,2021,2,174,0,36.4,5.1,41.7,53,328.3018867924528
Andhra Pradesh,2021,3,106,0,37.3,2.1,28.9,53,200.0
Andhra Pradesh,2021,4,160,0,38.5,3.5,48.3,53,301.8867924528302
Andhra Pradesh,2021,5,99,0,31.7,6.4,58.2,53,186.7924528301887
Andhra Pradesh,2021,6,466,0,35.8,2.9,34.5,53,879.2452830188679
Andhra Pradesh,2021,7,523,1,30.9,231.3,79.7,53,986.7924528301886
Andhra Pradesh,2021,8,1263,2,30.7,266.3,56.4,53,2383.0188679245284
Andhra Pradesh,2021,9,1531,2,27.0,118.9,58.5,53,2888.679245283019
Andhra Pradesh,2021,10,933,2,26.8,285.4,76.0,53,1760.377358490566
Andhra Pradesh,2021,11,714,1,30.9,1.8,30.8,53,1347.1698113207547
Andhra Pradesh,2021,12,277,0,39.4,2.2,59.5,53,522.6415094339623
Andhra Pradesh,2022,1,111,0,29.1,30.6,78.4,53,209.43396226415098
Andhra Pradesh,2022,2,81,0,32.7,3.0,44.5,53,152.83018867924528
Andhra Pradesh,2022,3,156,0,40.1,1.8,69.4,53,294.33962264150944
Andhra Pradesh,2022,4,105,0,26.0,13.0,51.2,53,198.11320754716982
Andhra Pradesh,2022,5,93,0,34.3,9.8,34.3,53,175.47169811320757
Andhra Pradesh,2022,6,520,1,42.0,4.1,28.8,53,981.132075471698
Andhra Pradesh,2022,7,405,0,33.8,118.7,79.4,53,764.1509433962265
Andhra Pradesh,2022,8,859,1,21.8,186.1,74.7,53,1620.754716981132
Andhra Pradesh,2022,9,1133,1,32.9,220.1,98.9,53,2137.735849056604
Andhra Pradesh,2022,10,843,1,19.9,129.4,67.8,53,1590.566037735849
Andhra Pradesh,2022,11,961,1,28.1,0.4,53.0,53,1813.2075471698113
Andhra Pradesh,2022,12,428,0,31.1,5.5,49.1,53,807.5471698113208
Andhra Pradesh,2023,1,96,0,24.6,3.8,61.8,53,181.13207547169813
Andhra Pradesh,2023,2,142,0,28.7,14.5,54.2,53,267.92452830188677
Andhra Pradesh,2023,3,170,0,35.4,6.1,28.8,53,320.7547169811321
Andhra Pradesh,2023,4,104,0,31.5,3.8,63.1,53,196.22641509433961
Andhra Pradesh,2023,5,111,0,25.5,4.2,54.5,53,209.43396226415098
Andhra Pradesh,2023,6,321,0,36.6,1.0,70.6,53,605.6603773584906
Andhra Pradesh,2023,7,516,1,29.4,202.6,77.2,53,973.5849056603774
Andhra Pradesh,2023,8,1338,1,30.9,161.6,77.5,53,2524.528301886792
Andhra Pradesh,2023,9,1472,2,25.0,129.2,82.6,53,2777.3584905660377
Andhra Pradesh,2023,10,705,0,29.7,123.8,80.6,53,1330.188679245283
Andhra Pradesh,2023,11,641,1,30.5,1.6,20.0,53,1209.433962264151
Andhra Pradesh,2023,12,532,0,30.6,5.5,44.5,53,1003.7735849056604
Andhra Pradesh,2024,1,111,0,37.2,21.6,46.6,53,209.43396226415098
Andhra Pradesh,2024,2,114,0,28.6,4.9,47.3,53,215.0943396226415
Andhra Pradesh,2024,3,82,0,27.6,27.8,71.3,53,154.7169811320755
Andhra Pradesh,2024,4,138,0,27.1,14.5,59.7,53,260.37735849056605
Andhra Pradesh,2024,5,156,0,26.0,3.6,38.3,53,294.33962264150944
Andhra Pradesh,2024,6,391,0,30.0,20.4,39.9,53,737.7358490566038
Andhra Pradesh,2024,7,907,1,32.7,72.4,66.6,53,1711.3207547169811
Andhra Pradesh,2024,8,656,0,27.3,55.4,63.4,53,1237.735849056604
Andhra Pradesh,2024,9,1467,2,30.9,203.9,91.8,53,2767.9245283018868
Andhra Pradesh,2024,10,1120,1,25.8,392.0,72.2,53,2113.2075471698113
Andhra Pradesh,2024,11,782,1,31.8,7.0,55.1,53,1475.4716981132076
Andhra Pradesh,2024,12,757,1,33.9,16.0,48.0,53,1428.301886792453
Telangana,2015,1,59,0,33.6,11.9,48.6,38,155.26315789473685
Telangana,2015,2,82,0,31.9,5.4,46.3,38,215.78947368421052
Telangana,2015,3,42,0,29.4,35.7,51.3,38,110.5263157894737
Telangana,2015,4,62,0,32.4,19.5,35.7,38,163.1578947368421
Telangana,2015,5,62,0,35.9,6.4,39.3,38,163.1578947368421
Telangana,2015,6,368,1,30.0,28.1,30.1,38,968.421052631579
Telangana,2015,7,671,0,33.4,152.4,65.3,38,1765.7894736842106
Telangana,2015,8,1339,1,26.6,219.9,61.9,38,3523.684210526316
Telangana,2015,9,1654,2,29.2,209.7,57.9,38,4352.631578947368
Telangana,2015,10,887,1,31.3,70.6,75.1,38,2334.2105263157896
Telangana,2015,11,408,1,33.0,3.3,33.6,38,1073.6842105263158
Telangana,2015,12,392,0,25.7,0.6,38.1,38,1031.578947368421
Telangana,2016,1,66,0,34.0,3.0,20.0,38,173.6842105263158
Telangana,2016,2,89,0,31.0,34.0,47.6,38,234.21052631578948
Telangana,2016,3,71,0,32.2,0.1,58.4,38,186.8421052631579
Telangana,2016,4,156,0,25.4,13.2,79.8,38,410.5263157894737
Telangana,2016,5,84,0,32.0,9.2,67.7,38,221.0526315789474
Telangana,2016,6,327,0,25.9,7.2,69.3,38,860.5263157894736
Telangana,2016,7,825,2,23.3,92.0,74.2,38,2171.052631578947
Telangana,2016,8,634,1,22.5,282.7,67.4,38,1668.4210526315792
Telangana,2016,9,907,2,28.5,484.2,75.7,38,2386.842105263158
Telangana,2016,10,949,1,28.6,97.4,91.3,38,2497.3684210526317
Telangana,2016,11,468,1,31.6,5.0,36.7,38,1231.578947368421
Telangana,2016,12,270,0,34.2,31.7,38.7,38,710.5263157894738
Telangana,2017,1,148,0,31.8,3.9,57.4,38,389.4736842105263
Telangana,2017,2,57,0,33.1,13.3,26.4,38,150.0
Telangana,2017,3,55,0,23.9,2.1,48.5,38,144.73684210526315
Telangana,2017,4,59,0,23.5,40.9,61.7,38,155.26315789473685
Telangana,2017,5,86,0,28.9,11.3,53.0,38,226.3157894736842
Telangana,2017,6,592,0,29.4,2.4,47.9,38,1557.8947368421052
Telangana,2017,7,448,0,31.6,72.5,71.2,38,1178.9473684210525
Telangana,2017,8,568,1,26.7,81.2,69.1,38,1494.7368421052631
Telangana,2017,9,631,1,26.1,262.7,63.6,38,1660.5263157894735
Telangana,2017,10,602,0,29.5,222.5,88.9,38,1584.2105263157896
Telangana,2017,11,328,0,32.6,0.1,45.0,38,863.1578947368421
Telangana,2017,12,345,0,28.3,14.5,64.1,38,907.8947368421053
Telangana,2018,1,119,0,38.8,11.8,44.0,38,313.15789473684214
Telangana,2018,2,137,0,38.4,1.7,56.3,38,360.5263157894737
Telangana,2018,3,90,0,23.7,8.7,45.2,38,236.84210526315786
Telangana,2018,4,84,0,35.8,7.3,20.5,38,221.0526315789474
Telangana,2018,5,62,0,23.9,3.0,50.7,38,163.1578947368421
Telangana,2018,6,474,1,31.6,20.2,41.0,38,1247.3684210526314
Telangana,2018,7,657,1,29.8,256.5,85.4,38,1728.9473684210527
Telangana,2018,8,782,0,26.2,466.5,76.0,38,2057.894736842105
Telangana,2018,9,684,1,22.8,135.9,79.0,38,1800.0
Telangana,2018,10,961,2,20.9,456.6,83.9,38,2528.947368421053
Telangana,2018,11,509,0,29.3,1.2,53.0,38,1339.4736842105265
Telangana,2018,12,481,1,29.5,28.6,66.8,38,1265.7894736842104
Telangana,2019,1,59,0,33.3,3.2,42.0,38,155.26315789473685
Telangana,2019,2,85,0,36.9,3.1,54.8,38,223.6842105263158
Telangana,2019,3,134,0,36.3,18.1,64.1,38,352.6315789473684
Telangana,2019,4,88,0,37.3,10.5,41.9,38,231.57894736842107
Telangana,2019,5,87,0,34.2,6.1,63.1,38,228.9473684210526
Telangana,2019,6,614,1,29.5,26.4,29.2,38,1615.7894736842106
Telangana,2019,7,877,2,26.9,42.4,86.2,38,2307.894736842105
Telangana,2019,8,929,2,25.3,94.9,71.8,38,2444.736842105263
Telangana,2019,9,1054,1,22.7,42.0,85.0,38,2773.684210526316
Telangana,2019,10,560,0,31.5,158.5,78.1,38,1473.6842105263158
Telangana,2019,11,562,0,34.2,0.5,60.2,38,1478.9473684210525
Telangana,2019,12,408,0,36.7,7.9,53.0,38,1073.6842105263158
Telangana,2020,1,97,0,30.0,2.0,42.5,38,255.26315789473685
Telangana,2020,2,78,0,29.5,0.2,51.4,38,205.26315789473685
Telangana,2020,3,117,0,27.4,9.1,30.0,38,307.89473684210526
Telangana,2020,4,113,0,37.6,13.5,34.1,38,297.3684210526316
Telangana,2020,5,66,0,35.4,32.9,56.3,38,173.6842105263158
Telangana,2020,6,680,1,33.9,16.8,78.0,38,1789.4736842105265
Telangana,2020,7,715,1,30.5,237.1,81.4,38,1881.5789473684208
Telangana,2020,8,816,1,23.8,303.9,75.8,38,2147.3684210526317
Telangana,2020,9,934,1,25.5,241.6,83.6,38,2457.894736842105
Telangana,2020,10,1148,1,29.3,133.4,62.6,38,3021.052631578947
Telangana,2020,11,536,0,35.4,14.1,75.2,38,1410.5263157894735
Telangana,2020,12,342,0,24.6,41.4,34.5,38,900.0
Telangana,2021,1,113,0,25.7,24.7,56.2,38,297.3684210526316
Telangana,2021,2,112,0,30.8,10.7,49.3,38,294.7368421052631
Telangana,2021,3,82,0,27.3,2.1,65.9,38,215.78947368421052
Telangana,2021,4,87,0,30.9,1.1,70.4,38,228.9473684210526
Telangana,2021,5,146,0,33.4,2.2,36.5,38,384.2105263157895
Telangana,2021,6,757,1,27.0,11.3,65.5,38,1992.1052631578948
Telangana,2021,7,701,2,27.8,135.5,87.2,38,1844.736842105263
Telangana,2021,8,1237,3,29.5,111.4,64.1,38,3255.263157894737
Telangana,2021,9,647,1,28.7,155.8,90.2,38,1702.6315789473686
Telangana,2021,10,942,2,22.5,131.9,76.3,38,2478.947368421053
Telangana,2021,11,697,1,31.6,3.1,49.1,38,1834.2105263157894
Telangana,2021,12,317,0,34.9,3.0,71.7,38,834.2105263157896
Telangana,2022,1,165,0,29.8,10.6,59.8,38,434.2105263157895
Telangana,2022,2,115,0,25.6,0.2,46.3,38,302.6315789473684
Telangana,2022,3,101,0,35.4,33.7,31.6,38,265.7894736842105
Telangana,2022,4,78,0,35.4,1.5,42.4,38,205.26315789473685
Telangana,2022,5,93,0,35.2,4.8,41.2,38,244.73684210526315
Telangana,2022,6,462,1,29.3,9.9,32.2,38,1215.7894736842104
Telangana,2022,7,703,1,26.3,275.0,82.3,38,1850.0
Telangana,2022,8,1193,2,27.4,322.9,67.3,38,3139.4736842105262
Telangana,2022,9,1015,1,26.2,202.8,76.4,38,2671.052631578947
Telangana,2022,10,1084,1,27.2,336.8,84.3,38,2852.6315789473683
Telangana,2022,11,541,1,38.5,5.4,69.7,38,1423.6842105263158
Telangana,2022,12,509,1,29.3,3.9,31.2,38,1339.4736842105265
Telangana,2023,1,73,0,37.8,1.6,42.3,38,192.10526315789474
Telangana,2023,2,88,0,41.1,0.1,74.8,38,231.57894736842107
Telangana,2023,3,69,0,28.5,16.8,61.6,38,181.57894736842107
Telangana,2023,4,150,0,33.7,9.9,45.4,38,394.7368421052631
Telangana,2023,5,68,0,33.5,5.9,62.6,38,178.94736842105263
Telangana,2023,6,553,1,31.8,4.4,49.9,38,1455.2631578947369
Telangana,2023,7,622,1,30.4,195.9,92.5,38,1636.842105263158
Telangana,2023,8,996,1,23.8,180.0,77.8,38,2621.052631578947
Telangana,2023,9,1089,1,28.1,249.7,64.3,38,2865.7894736842104
Telangana,2023,10,1290,1,28.7,116.7,68.1,38,3394.736842105263
Telangana,2023,11,827,0,34.9,12.4,47.6,38,2176.315789473684
Telangana,2023,12,699,1,21.5,41.7,31.5,38,1839.4736842105265
Telangana,2024,1,143,0,33.9,2.8,34.2,38,376.3157894736842
Telangana,2024,2,85,0,34.9,9.5,32.4,38,223.6842105263158
Telangana,2024,3,88,0,37.9,11.5,39.5,38,231.57894736842107
Telangana,2024,4,74,0,29.0,5.3,30.9,38,194.73684210526315
Telangana,2024,5,123,0,35.8,1.6,57.9,38,323.6842105263158
Telangana,2024,6,725,1,30.0,0.5,27.6,38,1907.8947368421052
Telangana,2024,7,864,2,30.0,244.4,73.8,38,2273.684210526316
Telangana,2024,8,1281,1,30.9,179.6,79.9,38,3371.052631578947
Telangana,2024,9,763,1,29.2,219.7,76.3,38,2007.8947368421052
Telangana,2024,10,2049,4,30.2,194.2,54.7,38,5392.105263157894
Telangana,2024,11,706,0,32.8,7.0,42.7,38,1857.8947368421052
Telangana,2024,12,524,1,38.4,10.4,52.0,38,1378.9473684210525
Gujarat,2015,1,94,0,28.8,9.9,50.5,64,146.875
Gujarat,2015,2,77,0,29.5,38.6,20.0,64,120.3125
Gujarat,2015,3,71,0,32.6,7.9,33.7,64,110.9375
Gujarat,2015,4,67,0,28.7,19.4,58.8,64,104.6875
Gujarat,2015,5,106,0,29.9,9.8,54.4,64,165.625
Gujarat,2015,6,280,0,29.6,10.2,61.7,64,437.5
Gujarat,2015,7,388,0,25.0,208.3,80.0,64,606.25
Gujarat,2015,8,935,2,28.0,104.9,75.2,64,1460.9375
Gujarat,2015,9,586,1,21.0,268.9,42.2,64,915.625
Gujarat,2015,10,400,0,28.8,212.7,74.0,64,625.0
Gujarat,2015,11,401,0,34.9,6.7,40.2,64,626.5625
Gujarat,2015,12,320,0,30.8,29.8,36.7,64,500.0
Gujarat,2016,1,62,0,33.9,8.0,20.8,64,96.875
Gujarat,2016,2,61,0,23.8,4.7,37.1,64,95.3125
Gujarat,2016,3,77,0,29.0,12.4,59.8,64,120.3125
Gujarat,2016,4,86,0,30.7,4.1,29.2,64,134.375
Gujarat,2016,5,59,0,33.2,4.3,46.3,64,92.1875
Gujarat,2016,6,264,0,36.6,1.4,49.6,64,412.5
Gujarat,2016,7,580,1,27.8,207.4,57.9,64,906.25
Gujarat,2016,8,1231,1,30.6,91.6,75.5,64,1923.4375
Gujarat,2016,9,1273,1,26.6,119.9,77.5,64,1989.0625
Gujarat,2016,10,1199,2,30.1,170.1,73.4,64,1873.4375
Gujarat,2016,11,1058,3,29.8,7.2,57.2,64,1653.125
Gujarat,2016,12,400,0,31.1,8.7,40.5,64,625.0
Gujarat,2017,1,75,0,35.5,1.5,64.2,64,117.1875
Gujarat,2017,2,66,0,33.1,2.9,29.5,64,103.125
Gujarat,2017,3,70,0,32.8,0.6,49.5,64,109.375
Gujarat,2017,4,116,0,32.6,7.2,88.9,64,181.25
Gujarat,2017,5,75,0,29.6,9.0,34.8,64,117.1875
Gujarat,2017,6,495,0,31.0,0.2,58.8,64,773.4375
Gujarat,2017,7,618,0,31.0,348.8,76.7,64,965.625
Gujarat,2017,8,726,1,29.9,141.6,77.0,64,1134.375
Gujarat,2017,9,497,0,28.7,251.2,64.9,64,776.5625
Gujarat,2017,10,676,1,24.8,182.4,87.1,64,1056.25
Gujarat,2017,11,616,1,30.4,4.7,34.7,64,962.5
Gujarat,2017,12,379,0,30.2,2.1,37.8,64,592.1875
Gujarat,2018,1,89,0,29.9,8.6,69.9,64,139.0625
Gujarat,2018,2,116,0,35.4,4.8,56.3,64,181.25
Gujarat,2018,3,61,0,38.7,14.1,54.6,64,95.3125
Gujarat,2018,4,66,0,33.5,12.7,48.9,64,103.125
Gujarat,2018,5,115,0,36.4,9.7,20.0,64,179.6875
Gujarat,2018,6,456,1,33.9,1.3,47.2,64,712.5
Gujarat,2018,7,481,1,28.0,328.1,72.1,64,751.5625
Gujarat,2018,8,1236,2,29.8,164.3,97.1,64,1931.25
Gujarat,2018,9,752,1,25.8,82.9,79.9,64,1175.0
Gujarat,2018,10,915,1,30.4,292.7,85.6,64,1429.6875
Gujarat,2018,11,672,1,31.8,1.5,57.5,64,1050.0
Gujarat,2018,12,553,0,31.5,20.3,45.1,64,864.0625
Gujarat,2019,1,72,0,28.2,15.3,66.8,64,112.5
Gujarat,2019,2,67,0,20.7,4.8,20.0,64,104.6875
Gujarat,2019,3,166,0,37.5,4.5,51.7,64,259.375
Gujarat,2019,4,97,0,33.2,3.3,52.2,64,151.5625
Gujarat,2019,5,222,0,31.1,9.6,51.0,64,346.875
Gujarat,2019,6,218,0,34.5,0.8,36.8,64,340.625
Gujarat,2019,7,701,0,30.1,672.0,67.9,64,1095.3125
Gujarat,2019,8,1326,3,22.6,153.5,88.4,64,2071.875
Gujarat,2019,9,980,2,25.8,170.1,75.6,64,1531.25
Gujarat,2019,10,935,2,28.0,161.5,82.9,64,1460.9375
Gujarat,2019,11,520,1,23.6,29.0,80.6,64,812.5
Gujarat,2019,12,272,0,32.8,2.7,20.0,64,425.0
Gujarat,2020,1,108,0,27.9,7.0,43.4,64,168.75
Gujarat,2020,2,122,0,36.0,27.4,53.5,64,190.625
Gujarat,2020,3,72,0,40.7,8.1,39.7,64,112.5
Gujarat,2020,4,80,0,35.9,0.9,72.6,64,125.0
Gujarat,2020,5,106,0,23.7,5.8,49.7,64,165.625
Gujarat,2020,6,585,0,35.3,2.3,45.1,64,914.0625
Gujarat,2020,7,556,0,30.1,185.2,84.4,64,868.75
Gujarat,2020,8,1003,2,27.0,82.6,76.4,64,1567.1875
Gujarat,2020,9,575,0,27.9,212.4,70.6,64,898.4375
Gujarat,2020,10,961,2,29.8,71.1,90.4,64,1501.5625
Gujarat,2020,11,371,0,28.0,1.3,52.0,64,579.6875
Gujarat,2020,12,412,0,32.9,12.8,51.3,64,643.75
Gujarat,2021,1,139,0,31.9,0.7,57.6,64,217.1875
Gujarat,2021,2,89,0,32.7,5.6,59.4,64,139.0625
Gujarat,2021,3,66,0,26.4,0.4,75.6,64,103.125
Gujarat,2021,4,81,0,28.7,29.7,62.1,64,126.5625
Gujarat,2021,5,120,0,28.9,27.2,51.0,64,187.5
Gujarat,2021,6,620,0,36.8,10.4,50.5,64,968.75
Gujarat,2021,7,588,0,24.8,191.2,98.4,64,918.75
Gujarat,2021,8,551,1,27.9,79.1,62.7,64,860.9375
Gujarat,2021,9,736,0,23.3,273.2,71.7,64,1150.0
Gujarat,2021,10,760,0,30.1,125.4,74.5,64,1187.5
Gujarat,2021,11,587,1,32.6,19.3,51.5,64,917.1875
Gujarat,2021,12,749,1,32.6,18.7,50.6,64,1170.3125
Gujarat,2022,1,88,0,33.9,39.5,60.9,64,137.5
Gujarat,2022,2,139,0,29.8,15.7,43.6,64,217.1875
Gujarat,2022,3,128,0,35.6,26.1,51.9,64,200.0
Gujarat,2022,4,114,0,27.3,6.2,31.7,64,178.125
Gujarat,2022,5,71,0,28.5,8.2,49.8,64,110.9375
Gujarat,2022,6,615,0,32.0,4.1,88.3,64,960.9375
Gujarat,2022,7,571,1,30.4,293.2,65.1,64,892.1875
Gujarat,2022,8,1404,2,26.8,103.6,54.4,64,2193.75
Gujarat,2022,9,1083,1,27.6,184.8,79.6,64,1692.1875
Gujarat,2022,10,840,1,31.1,52.6,77.5,64,1312.5
Gujarat,2022,11,630,1,29.5,2.1,49.4,64,984.375
Gujarat,2022,12,609,0,37.8,4.8,56.5,64,951.5625
Gujarat,2023,1,141,0,30.7,25.4,42.3,64,220.3125
Gujarat,2023,2,159,0,41.7,4.6,51.6,64,248.4375
Gujarat,2023,3,131,0,32.4,27.6,33.8,64,204.6875
Gujarat,2023,4,127,0,30.4,2.8,37.3,64,198.4375
Gujarat,2023,5,92,0,39.1,1.2,50.2,64,143.75
Gujarat,2023,6,455,1,21.8,17.1,56.7,64,710.9375
Gujarat,2023,7,539,1,33.4,236.2,79.0,64,842.1875
Gujarat,2023,8,1104,2,23.8,324.3,67.0,64,1725.0
Gujarat,2023,9,1223,2,30.3,253.4,72.0,64,1910.9375
Gujarat,2023,10,1341,1,30.5,227.0,71.0,64,2095.3125
Gujarat,2023,11,548,0,30.1,2.9,27.8,64,856.25
Gujarat,2023,12,419,1,30.4,8.5,20.4,64,654.6875
Gujarat,2024,1,89,0,33.1,4.0,56.3,64,139.0625
Gujarat,2024,2,135,0,33.8,4.2,40.9,64,210.9375
Gujarat,2024,3,205,0,26.7,8.1,60.9,64,320.3125
Gujarat,2024,4,78,0,33.5,20.0,66.7,64,121.875
Gujarat,2024,5,133,0,26.1,7.8,31.1,64,207.8125
Gujarat,2024,6,785,1,27.7,8.3,62.3,64,1226.5625
Gujarat,2024,7,1100,1,26.2,285.0,68.1,64,1718.75
Gujarat,2024,8,1287,3,32.0,167.6,95.1,64,2010.9375
Gujarat,2024,9,1174,2,27.4,155.0,77.8,64,1834.375
Gujarat,2024,10,869,1,27.6,113.3,84.7,64,1357.8125
Gujarat,2024,11,670,0,30.9,9.1,68.5,64,1046.875
Gujarat,2024,12,820,1,29.4,32.6,47.3,64,1281.25
Rajasthan,2015,1,91,0,31.2,1.8,58.1,77,118.18181818181819
Rajasthan,2015,2,56,0,32.4,2.7,52.6,77,72.72727272727273
Rajasthan,2015,3,46,0,32.8,11.4,49.9,77,59.74025974025974
Rajasthan,2015,4,70,0,29.2,3.6,68.4,77,90.9090909090909
Rajasthan,2015,5,98,0,28.9,1.8,42.5,77,127.27272727272727
Rajasthan,2015,6,342,0,29.3,36.9,56.5,77,444.1558441558442
Rajasthan,2015,7,381,0,24.8,227.4,85.0,77,494.80519480519484
Rajasthan,2015,8,570,1,27.2,43.0,86.4,77,740.2597402597403
Rajasthan,2015,9,463,0,28.5,318.6,66.7,77,601.2987012987013
Rajasthan,2015,10,686,1,22.6,158.3,68.7,77,890.9090909090909
Rajasthan,2015,11,606,1,31.2,5.7,27.5,77,787.012987012987
Rajasthan,2015,12,302,0,35.2,4.1,66.1,77,392.20779220779224
Rajasthan,2016,1,75,0,27.6,2.7,49.0,77,97.40259740259741
Rajasthan,2016,2,92,0,39.4,37.0,42.1,77,119.48051948051948
Rajasthan,2016,3,79,0,28.4,26.8,75.3,77,102.59740259740259
Rajasthan,2016,4,57,0,28.5,23.4,44.0,77,74.02597402597402
Rajasthan,2016,5,109,0,26.7,9.1,20.0,77,141.55844155844156
Rajasthan,2016,6,417,1,26.1,24.0,40.6,77,541.5584415584416
Rajasthan,2016,7,360,1,22.3,214.8,78.1,77,467.53246753246754
Rajasthan,2016,8,696,1,25.4,183.9,84.1,77,903.8961038961039
Rajasthan,2016,9,625,0,26.4,137.6,83.8,77,811.6883116883116
Rajasthan,2016,10,699,1,26.9,51.8,65.2,77,907.7922077922078
Rajasthan,2016,11,498,1,35.7,26.6,48.6,77,646.7532467532467
Rajasthan,2016,12,346,0,22.4,16.4,28.1,77,449.35064935064935
Rajasthan,2017,1,93,0,32.4,3.0,44.8,77,120.7792207792208
Rajasthan,2017,2,61,0,33.4,5.4,39.5,77,79.22077922077922
Rajasthan,2017,3,101,0,35.0,9.6,46.7,77,131.1688311688312
Rajasthan,2017,4,116,0,31.4,2.4,80.0,77,150.64935064935065
Rajasthan,2017,5,54,0,38.8,12.0,33.4,77,70.12987012987013
Rajasthan,2017,6,380,0,36.3,5.6,20.3,77,493.50649350649354
Rajasthan,2017,7,704,0,22.1,181.3,78.9,77,914.2857142857142
Rajasthan,2017,8,755,0,32.5,222.4,79.1,77,980.5194805194806
Rajasthan,2017,9,435,1,27.5,388.9,81.2,77,564.9350649350649
Rajasthan,2017,10,796,1,28.2,186.9,80.3,77,1033.7662337662337
Rajasthan,2017,11,838,1,29.2,18.5,44.2,77,1088.3116883116884
Rajasthan,2017,12,430,0,27.2,2.2,40.6,77,558.4415584415584
Rajasthan,2018,1,100,0,23.2,13.8,74.0,77,129.87012987012986
Rajasthan,2018,2,87,0,34.5,2.2,61.0,77,112.98701298701299
Rajasthan,2018,3,59,0,30.1,5.6,62.6,77,76.62337662337663
Rajasthan,2018,4,68,0,31.6,29.4,38.2,77,88.31168831168831
Rajasthan,2018,5,79,0,32.5,11.0,60.9,77,102.59740259740259
Rajasthan,2018,6,380,0,34.7,0.4,56.6,77,493.50649350649354
Rajasthan,2018,7,454,1,24.3,73.8,68.3,77,589.6103896103896
Rajasthan,2018,8,1014,1,25.4,130.8,71.2,77,1316.8831168831168
Rajasthan,2018,9,1274,2,31.9,120.6,79.6,77,1654.5454545454547
Rajasthan,2018,10,529,1,24.8,151.5,81.5,77,687.012987012987
Rajasthan,2018,11,957,2,36.9,3.1,47.0,77,1242.857142857143
Rajasthan,2018,12,302,0,22.7,15.3,74.6,77,392.20779220779224
Rajasthan,2019,1,123,0,31.3,13.1,59.6,77,159.74025974025975
Rajasthan,2019,2,35,0,31.9,26.6,22.4,77,45.45454545454545
Rajasthan,2019,3,164,0,29.5,23.0,61.2,77,212.98701298701297
Rajasthan,2019,4,92,0,32.9,1.4,43.6,77,119.48051948051948
Rajasthan,2019,5,162,0,30.6,4.5,44.4,77,210.3896103896104
Rajasthan,2019,6,307,0,27.7,7.0,54.5,77,398.7012987012987
Rajasthan,2019,7,942,1,32.9,223.4,71.2,77,1223.3766233766235
Rajasthan,2019,8,1046,1,31.6,373.9,77.2,77,1358.4415584415585
Rajasthan,2019,9,1105,1,31.4,62.0,60.6,77,1435.064935064935
Rajasthan,2019,10,1133,1,27.4,292.8,73.3,77,1471.4285714285713
Rajasthan,2019,11,634,1,35.6,16.3,50.6,77,823.3766233766235
Rajasthan,2019,12,328,0,30.3,23.8,51.4,77,425.97402597402595
Rajasthan,2020,1,70,0,30.0,0.7,20.0,77,90.9090909090909
Rajasthan,2020,2,81,0,27.3,3.3,79.9,77,105.1948051948052
Rajasthan,2020,3,146,0,38.9,20.2,48.5,77,189.6103896103896
Rajasthan,2020,4,81,0,36.4,29.1,55.3,77,105.1948051948052
Rajasthan,2020,5,85,0,32.6,14.0,54.5,77,110.3896103896104
Rajasthan,2020,6,551,1,26.2,14.7,45.2,77,715.5844155844155
Rajasthan,2020,7,740,1,19.5,346.7,91.0,77,961.038961038961
Rajasthan,2020,8,857,1,32.3,288.7,58.2,77,1112.987012987013
Rajasthan,2020,9,1008,1,31.0,179.1,71.1,77,1309.0909090909092
Rajasthan,2020,10,819,2,28.0,75.1,88.9,77,1063.6363636363637
Rajasthan,2020,11,890,1,25.1,7.0,70.0,77,1155.844155844156
Rajasthan,2020,12,407,0,40.3,7.0,56.8,77,528.5714285714286
Rajasthan,2021,1,93,0,33.4,26.9,42.5,77,120.7792207792208
Rajasthan,2021,2,78,0,34.0,7.3,41.4,77,101.29870129870129
Rajasthan,2021,3,83,0,37.0,6.1,42.5,77,107.79220779220779
Rajasthan,2021,4,177,0,29.0,1.6,67.7,77,229.87012987012986
Rajasthan,2021,5,92,0,30.4,22.5,38.8,77,119.48051948051948
Rajasthan,2021,6,574,1,31.9,0.5,20.0,77,745.4545454545454
Rajasthan,2021,7,600,1,30.9,213.5,87.8,77,779.2207792207793
Rajasthan,2021,8,878,2,28.3,100.9,76.3,77,1140.2597402597403
Rajasthan,2021,9,1094,3,29.2,145.5,72.8,77,1420.7792207792209
Rajasthan,2021,10,872,1,29.7,54.7,58.8,77,1132.4675324675325
Rajasthan,2021,11,431,1,30.2,6.6,31.8,77,559.7402597402597
Rajasthan,2021,12,434,1,27.6,10.3,49.2,77,563.6363636363636
Rajasthan,2022,1,149,0,29.7,14.2,45.8,77,193.5064935064935
Rajasthan,2022,2,118,0,39.8,1.5,31.3,77,153.24675324675326
Rajasthan,2022,3,117,0,24.9,29.6,55.5,77,151.94805194805195
Rajasthan,2022,4,100,0,35.0,1.1,31.3,77,129.87012987012986
Rajasthan,2022,5,77,0,31.8,4.5,31.5,77,100.0
Rajasthan,2022,6,413,0,33.4,3.2,64.5,77,536.3636363636364
Rajasthan,2022,7,638,1,28.1,237.4,69.1,77,828.5714285714287
Rajasthan,2022,8,2369,5,28.3,154.5,59.4,77,3076.6233766233768
Rajasthan,2022,9,1129,3,30.1,114.4,60.9,77,1466.2337662337663
Rajasthan,2022,10,690,1,28.1,258.6,83.5,77,896.1038961038961
Rajasthan,2022,11,1571,2,31.4,11.8,58.9,77,2040.25974025974
Rajasthan,2022,12,468,1,22.4,6.1,77.8,77,607.7922077922078
Rajasthan,2023,1,72,0,30.9,6.9,48.4,77,93.5064935064935
Rajasthan,2023,2,129,0,32.7,41.9,55.7,77,167.53246753246754
Rajasthan,2023,3,101,0,36.7,6.5,52.1,77,131.1688311688312
Rajasthan,2023,4,128,0,22.6,2.1,54.4,77,166.23376623376623
Rajasthan,2023,5,106,0,32.9,1.3,37.4,77,137.66233766233768
Rajasthan,2023,6,407,0,28.7,8.9,47.9,77,528.5714285714286
Rajasthan,2023,7,643,1,28.1,210.3,68.5,77,835.0649350649351
Rajasthan,2023,8,1145,1,26.2,65.2,57.4,77,1487.012987012987
Rajasthan,2023,9,1786,3,24.7,273.7,81.7,77,2319.4805194805194
Rajasthan,2023,10,1837,3,24.3,132.3,60.4,77,2385.714285714286
Rajasthan,2023,11,399,0,34.9,6.6,41.8,77,518.1818181818181
Rajasthan,2023,12,633,1,33.7,0.9,36.6,77,822.077922077922
Rajasthan,2024,1,85,0,26.5,6.3,23.0,77,110.3896103896104
Rajasthan,2024,2,145,0,31.0,10.9,31.4,77,188.31168831168833
Rajasthan,2024,3,103,0,29.7,0.2,41.0,77,133.76623376623377
Rajasthan,2024,4,83,0,32.9,3.3,55.0,77,107.79220779220779
Rajasthan,2024,5,125,0,33.4,4.2,36.3,77,162.33766233766232
Rajasthan,2024,6,400,0,39.1,10.5,51.4,77,519.4805194805194
Rajasthan,2024,7,627,0,30.0,73.9,61.1,77,814.2857142857142
Rajasthan,2024,8,704,1,21.2,151.8,61.1,77,914.2857142857142
Rajasthan,2024,9,926,0,29.4,297.6,85.2,77,1202.5974025974026
Rajasthan,2024,10,1076,1,28.1,309.0,95.9,77,1397.4025974025974
Rajasthan,2024,11,686,1,31.4,4.2,65.9,77,890.9090909090909
Rajasthan,2024,12,925,2,27.6,5.2,38.2,77,1201.2987012987014
Uttar Pradesh,2015,1,45,0,37.0,1.2,56.1,231,19.480519480519483
Uttar Pradesh,2015,2,86,0,27.8,19.7,44.0,231,37.22943722943723
Uttar Pradesh,2015,3,78,0,37.0,1.3,52.4,231,33.76623376623377
Uttar Pradesh,2015,4,46,0,27.7,5.4,64.9,231,19.913419913419915
Uttar Pradesh,2015,5,93,0,36.7,3.4,56.0,231,40.25974025974026
Uttar Pradesh,2015,6,407,1,29.3,4.6,93.4,231,176.19047619047618
Uttar Pradesh,2015,7,618,0,31.7,69.8,95.9,231,267.53246753246754
Uttar Pradesh,2015,8,918,1,28.0,71.7,84.7,231,397.40259740259745
Uttar Pradesh,2015,9,617,1,23.0,74.2,76.3,231,267.0995670995671
Uttar Pradesh,2015,10,776,1,25.9,272.3,77.6,231,335.9307359307359
Uttar Pradesh,2015,11,334,0,30.2,10.0,80.8,231,144.5887445887446
Uttar Pradesh,2015,12,476,1,31.1,7.5,59.0,231,206.06060606060606
Uttar Pradesh,2016,1,76,0,33.4,6.9,41.1,231,32.900432900432904
Uttar Pradesh,2016,2,54,0,30.5,1.6,54.4,231,23.376623376623375
Uttar Pradesh,2016,3,81,0,33.0,11.1,57.3,231,35.064935064935064
Uttar Pradesh,2016,4,132,0,27.9,5.4,52.5,231,57.14285714285714
Uttar Pradesh,2016,5,104,0,33.7,12.9,44.1,231,45.02164502164502
Uttar Pradesh,2016,6,477,1,27.1,8.7,45.7,231,206.49350649350652
Uttar Pradesh,2016,7,385,0,29.4,92.6,68.4,231,166.66666666666669
Uttar Pradesh,2016,8,668,1,27.4,275.7,55.9,231,289.1774891774892
Uttar Pradesh,2016,9,842,2,27.8,229.5,63.2,231,364.5021645021645
Uttar Pradesh,2016,10,756,1,34.5,202.6,84.1,231,327.2727272727273
Uttar Pradesh,2016,11,507,1,42.0,3.9,45.9,231,219.4805194805195
Uttar Pradesh,2016,12,347,0,30.8,0.6,49.3,231,150.21645021645023
Uttar Pradesh,2017,1,86,0,25.5,1.8,43.6,231,37.22943722943723
Uttar Pradesh,2017,2,86,0,39.9,3.9,39.3,231,37.22943722943723
Uttar Pradesh,2017,3,75,0,35.3,12.6,62.3,231,32.467532467532465
Uttar Pradesh,2017,4,97,0,40.2,0.4,69.4,231,41.99134199134199
Uttar Pradesh,2017,5,103,0,26.6,10.3,37.1,231,44.58874458874459
Uttar Pradesh,2017,6,432,0,33.6,14.7,64.9,231,187.012987012987
Uttar Pradesh,2017,7,659,1,35.9,246.8,98.2,231,285.28138528138527
Uttar Pradesh,2017,8,594,1,28.5,158.4,63.7,231,257.14285714285717
Uttar Pradesh,2017,9,1389,3,29.7,73.5,66.7,231,601.2987012987013
Uttar Pradesh,2017,10,1211,2,24.2,110.3,82.4,231,524.2424242424242
Uttar Pradesh,2017,11,372,0,38.2,7.7,54.8,231,161.03896103896105
Uttar Pradesh,2017,12,520,1,29.4,0.8,48.0,231,225.10822510822513
Uttar Pradesh,2018,1,97,0,35.0,0.1,51.4,231,41.99134199134199
Uttar Pradesh,2018,2,83,0,33.0,1.0,60.5,231,35.93073593073593
Uttar Pradesh,2018,3,106,0,27.4,0.0,51.3,231,45.887445887445885
Uttar Pradesh,2018,4,69,0,32.9,10.9,52.7,231,29.87012987012987
Uttar Pradesh,2018,5,60,0,28.4,6.2,65.9,231,25.97402597402597
Uttar Pradesh,2018,6,494,1,33.4,3.6,35.7,231,213.85281385281388
Uttar Pradesh,2018,7,749,2,27.4,101.3,66.5,231,324.24242424242425
Uttar Pradesh,2018,8,684,1,27.7,197.8,73.0,231,296.1038961038961
Uttar Pradesh,2018,9,799,1,31.5,367.4,66.8,231,345.8874458874459
Uttar Pradesh,2018,10,594,0,33.6,186.7,63.3,231,257.14285714285717
Uttar Pradesh,2018,11,245,0,36.4,22.8,41.4,231,106.06060606060606
Uttar Pradesh,2018,12,412,1,36.6,21.1,20.0,231,178.35497835497836
Uttar Pradesh,2019,1,80,0,32.3,8.0,44.4,231,34.63203463203463
Uttar Pradesh,2019,2,74,0,26.3,13.0,42.7,231,32.03463203463203
Uttar Pradesh,2019,3,57,0,34.9,3.0,56.7,231,24.675324675324674
Uttar Pradesh,2019,4,117,0,30.5,2.9,20.9,231,50.649350649350644
Uttar Pradesh,2019,5,111,0,38.3,6.0,40.8,231,48.05194805194805
Uttar Pradesh,2019,6,399,1,24.3,2.2,29.9,231,172.72727272727272
Uttar Pradesh,2019,7,948,2,27.5,90.2,65.7,231,410.38961038961037
Uttar Pradesh,2019,8,861,1,22.8,441.1,88.2,231,372.7272727272727
Uttar Pradesh,2019,9,1100,1,27.9,335.0,84.8,231,476.1904761904762
Uttar Pradesh,2019,10,803,1,19.9,169.4,69.9,231,347.61904761904765
Uttar Pradesh,2019,11,616,1,29.8,4.4,33.5,231,266.66666666666663
Uttar Pradesh,2019,12,312,0,35.9,10.6,73.7,231,135.06493506493507
Uttar Pradesh,2020,1,80,0,31.7,8.0,40.1,231,34.63203463203463
Uttar Pradesh,2020,2,85,0,34.2,3.8,33.7,231,36.79653679653679
Uttar Pradesh,2020,3,107,0,30.9,6.7,70.6,231,46.320346320346324
Uttar Pradesh,2020,4,125,0,35.2,3.0,52.9,231,54.112554112554115
Uttar Pradesh,2020,5,81,0,35.3,0.5,40.5,231,35.064935064935064
Uttar Pradesh,2020,6,230,0,37.1,21.3,65.3,231,99.56709956709958
Uttar Pradesh,2020,7,454,1,25.7,220.1,92.7,231,196.53679653679654
Uttar Pradesh,2020,8,1429,2,26.2,235.2,80.1,231,618.6147186147185
Uttar Pradesh,2020,9,1301,2,26.3,151.2,57.0,231,563.2034632034631
Uttar Pradesh,2020,10,674,0,32.2,82.3,71.1,231,291.7748917748918
Uttar Pradesh,2020,11,653,0,37.7,26.9,61.6,231,282.6839826839827
Uttar Pradesh,2020,12,521,1,29.4,22.4,80.5,231,225.54112554112552
Uttar Pradesh,2021,1,199,0,30.6,1.4,61.1,231,86.14718614718615
Uttar Pradesh,2021,2,85,0,28.9,3.2,48.8,231,36.79653679653679
Uttar Pradesh,2021,3,124,0,27.2,25.5,50.9,231,53.67965367965368
Uttar Pradesh,2021,4,71,0,35.6,2.2,60.0,231,30.735930735930733
Uttar Pradesh,2021,5,149,0,37.8,15.3,45.3,231,64.5021645021645
Uttar Pradesh,2021,6,371,0,31.1,10.6,38.7,231,160.6060606060606
Uttar Pradesh,2021,7,631,0,27.0,132.8,83.8,231,273.16017316017314
Uttar Pradesh,2021,8,1231,2,30.9,313.9,76.3,231,532.9004329004329
Uttar Pradesh,2021,9,770,1,25.6,278.2,95.7,231,333.33333333333337
Uttar Pradesh,2021,10,1888,5,31.3,260.8,66.8,231,817.3160173160173
Uttar Pradesh,2021,11,423,0,36.9,16.2,49.9,231,183.11688311688312
Uttar Pradesh,2021,12,306,0,30.1,17.5,52.1,231,132.46753246753246
Uttar Pradesh,2022,1,106,0,37.3,2.8,29.6,231,45.887445887445885
Uttar Pradesh,2022,2,133,0,31.1,3.2,44.0,231,57.57575757575758
Uttar Pradesh,2022,3,135,0,28.3,12.3,48.3,231,58.44155844155844
Uttar Pradesh,2022,4,62,0,34.5,4.1,48.3,231,26.83982683982684
Uttar Pradesh,2022,5,100,0,26.6,29.7,61.0,231,43.290043290043286
Uttar Pradesh,2022,6,895,1,30.6,6.0,24.0,231,387.4458874458874
Uttar Pradesh,2022,7,440,0,30.7,313.5,81.2,231,190.47619047619045
Uttar Pradesh,2022,8,881,1,27.3,39.5,71.3,231,381.38528138528136
Uttar Pradesh,2022,9,668,1,31.4,334.4,96.0,231,289.1774891774892
Uttar Pradesh,2022,10,677,1,30.7,190.3,72.4,231,293.0735930735931
Uttar Pradesh,2022,11,461,0,29.9,16.2,48.1,231,199.56709956709958
Uttar Pradesh,2022,12,810,1,33.8,13.6,50.0,231,350.64935064935065
Uttar Pradesh,2023,1,85,0,25.6,13.1,40.0,231,36.79653679653679
Uttar Pradesh,2023,2,114,0,29.9,3.4,36.8,231,49.35064935064935
Uttar Pradesh,2023,3,116,0,30.5,15.1,57.6,231,50.21645021645021
Uttar Pradesh,2023,4,86,0,32.3,11.4,47.7,231,37.22943722943723
Uttar Pradesh,2023,5,140,0,24.8,1.3,55.0,231,60.60606060606061
Uttar Pradesh,2023,6,618,0,37.4,30.1,46.5,231,267.53246753246754
Uttar Pradesh,2023,7,540,0,31.9,196.8,80.7,231,233.76623376623377
Uttar Pradesh,2023,8,774,1,32.1,142.2,72.8,231,335.06493506493507
Uttar Pradesh,2023,9,1817,2,23.6,82.7,68.7,231,786.5800865800866
Uttar Pradesh,2023,10,690,1,29.5,238.7,84.6,231,298.7012987012987
Uttar Pradesh,2023,11,613,1,35.1,0.4,36.5,231,265.3679653679654
Uttar Pradesh,2023,12,475,0,29.6,7.3,63.5,231,205.62770562770564
Uttar Pradesh,2024,1,153,0,27.6,4.7,40.7,231,66.23376623376623
Uttar Pradesh,2024,2,104,0,27.3,8.6,59.9,231,45.02164502164502
Uttar Pradesh,2024,3,103,0,27.2,1.4,62.1,231,44.58874458874459
Uttar Pradesh,2024,4,146,0,30.6,1.9,20.0,231,63.20346320346321
Uttar Pradesh,2024,5,130,0,24.7,3.5,59.2,231,56.27705627705628
Uttar Pradesh,2024,6,681,1,33.5,1.0,45.7,231,294.8051948051948
Uttar Pradesh,2024,7,751,1,25.3,153.3,60.7,231,325.1082251082251
Uttar Pradesh,2024,8,1237,3,29.2,341.1,93.2,231,535.4978354978355
Uttar Pradesh,2024,9,824,1,24.9,222.3,57.6,231,356.7099567099567
Uttar Pradesh,2024,10,1858,5,29.3,81.0,62.3,231,804.3290043290042
Uttar Pradesh,2024,11,859,0,37.1,0.9,57.4,231,371.86147186147184
Uttar Pradesh,2024,12,338,0,29.2,17.0,69.6,231,146.32034632034632
Bihar,2015,1,89,0,29.0,0.7,45.4,119,74.78991596638656
Bihar,2015,2,49,0,42.2,7.1,22.1,119,41.17647058823529
Bihar,2015,3,70,0,30.5,8.9,62.1,119,58.82352941176471
Bihar,2015,4,75,0,36.7,0.8,57.5,119,63.02521008403361
Bihar,2015,5,70,0,34.3,9.6,56.9,119,58.82352941176471
Bihar,2015,6,276,0,32.3,15.5,63.2,119,231.93277310924373
Bihar,2015,7,715,1,26.5,101.8,42.5,119,600.8403361344538
Bihar,2015,8,664,1,28.2,150.2,82.4,119,557.9831932773109
Bihar,2015,9,912,1,28.0,317.9,65.2,119,766.3865546218487
Bihar,2015,10,866,1,27.7,311.8,87.2,119,727.7310924369748
Bihar,2015,11,203,0,31.2,28.3,72.1,119,170.58823529411765
Bihar,2015,12,400,0,27.6,17.2,30.6,119,336.1344537815126
Bihar,2016,1,52,0,40.6,17.7,43.0,119,43.69747899159664
Bihar,2016,2,79,0,32.9,3.3,40.2,119,66.38655462184873
Bihar,2016,3,107,0,30.8,2.7,53.7,119,89.91596638655463
Bihar,2016,4,115,0,20.6,5.9,57.8,119,96.63865546218487
Bihar,2016,5,91,0,31.1,5.1,32.3,119,76.47058823529412
Bihar,2016,6,254,0,38.2,1.9,56.0,119,213.4453781512605
Bihar,2016,7,638,1,24.1,189.0,70.5,119,536.1344537815125
Bihar,2016,8,967,2,25.6,201.9,84.2,119,812.6050420168067
Bihar,2016,9,943,2,24.3,484.3,75.0,119,792.436974789916
Bihar,2016,10,484,0,31.3,515.9,75.6,119,406.7226890756302
Bihar,2016,11,378,0,33.5,4.3,49.4,119,317.6470588235294
Bihar,2016,12,445,0,31.4,14.9,72.7,119,373.9495798319328
Bihar,2017,1,66,0,25.7,2.6,56.9,119,55.46218487394958
Bihar,2017,2,74,0,30.6,3.7,45.9,119,62.18487394957983
Bihar,2017,3,51,0,30.4,10.2,49.4,119,42.857142857142854
Bihar,2017,4,74,0,29.6,10.6,31.4,119,62.18487394957983
Bihar,2017,5,100,0,36.4,1.2,53.0,119,84.03361344537815
Bihar,2017,6,402,0,36.3,11.9,59.8,119,337.8151260504202
Bihar,2017,7,536,1,24.2,373.2,77.3,119,450.4201680672269
Bihar,2017,8,512,1,30.5,129.4,70.9,119,430.25210084033614
Bihar,2017,9,802,1,25.8,108.3,76.1,119,673.9495798319327
Bihar,2017,10,804,2,28.7,126.7,76.4,119,675.6302521008404
Bihar,2017,11,343,0,35.7,1.0,61.7,119,288.2352941176471
Bihar,2017,12,295,0,32.3,16.6,48.6,119,247.89915966386556
Bihar,2018,1,69,0,32.1,1.9,52.1,119,57.98319327731093
Bihar,2018,2,91,0,24.9,3.3,61.6,119,76.47058823529412
Bihar,2018,3,61,0,34.1,12.5,33.8,119,51.26050420168067
Bihar,2018,4,109,0,36.7,31.2,48.8,119,91.59663865546219
Bihar,2018,5,124,0,23.1,1.7,29.0,119,104.20168067226892
Bihar,2018,6,594,1,22.4,5.9,60.3,119,499.15966386554624
Bihar,2018,7,509,1,32.3,212.0,66.7,119,427.7310924369748
Bihar,2018,8,1030,2,31.1,175.7,85.3,119,865.5462184873949
Bihar,2018,9,540,0,29.0,33.3,61.2,119,453.781512605042
Bihar,2018,10,914,1,24.9,412.7,70.3,119,768.0672268907563
Bihar,2018,11,627,1,34.5,1.9,57.6,119,526.890756302521
Bihar,2018,12,442,1,35.0,6.6,62.4,119,371.42857142857144
Bihar,2019,1,57,0,25.2,5.0,44.1,119,47.89915966386555
Bihar,2019,2,77,0,28.8,19.7,53.1,119,64.70588235294117
Bihar,2019,3,101,0,30.0,3.1,47.3,119,84.87394957983193
Bihar,2019,4,87,0,33.2,6.2,66.1,119,73.10924369747899
Bihar,2019,5,89,0,40.3,18.8,52.4,119,74.78991596638656
Bihar,2019,6,945,1,32.0,13.5,75.7,119,794.1176470588235
Bihar,2019,7,681,0,34.4,211.7,82.2,119,572.2689075630252
Bihar,2019,8,609,1,21.3,92.7,82.3,119,511.7647058823529
Bihar,2019,9,805,2,30.5,168.1,72.5,119,676.4705882352941
Bihar,2019,10,1115,3,31.6,184.2,59.8,119,936.9747899159664
Bihar,2019,11,368,0,35.9,11.2,33.0,119,309.24369747899163
Bihar,2019,12,342,0,29.2,16.1,83.7,119,287.39495798319325
Bihar,2020,1,101,0,30.9,3.2,68.5,119,84.87394957983193
Bihar,2020,2,81,0,25.2,5.8,53.9,119,68.0672268907563
Bihar,2020,3,54,0,30.5,2.6,30.4,119,45.378151260504204
Bihar,2020,4,83,0,36.8,7.7,43.0,119,69.74789915966386
Bihar,2020,5,229,0,24.1,0.4,27.8,119,192.43697478991598
Bihar,2020,6,377,0,31.6,12.3,41.7,119,316.8067226890756
Bihar,2020,7,550,1,23.5,182.2,66.4,119,462.1848739495798
Bihar,2020,8,1076,2,24.5,194.0,70.2,119,904.2016806722689
Bihar,2020,9,904,1,30.8,60.7,74.2,119,759.6638655462184
Bihar,2020,10,854,1,33.6,113.3,75.1,119,717.6470588235294
Bihar,2020,11,780,2,32.4,6.4,57.1,119,655.4621848739496
Bihar,2020,12,360,0,32.5,3.9,38.2,119,302.52100840336135
Bihar,2021,1,125,0,32.1,0.7,75.4,119,105.0420168067227
Bihar,2021,2,92,0,34.5,10.9,64.2,119,77.31092436974791
Bihar,2021,3,53,0,39.7,21.5,53.9,119,44.537815126050425
Bihar,2021,4,89,0,31.8,2.5,64.9,119,74.78991596638656
Bihar,2021,5,75,0,26.6,4.4,43.2,119,63.02521008403361
Bihar,2021,6,374,1,29.8,2.9,20.0,119,314.2857142857143
Bihar,2021,7,1033,1,25.8,165.8,91.9,119,868.0672268907563
Bihar,2021,8,979,1,26.1,174.2,63.1,119,822.689075630252
Bihar,2021,9,1146,1,24.3,229.9,70.9,119,963.0252100840336
Bihar,2021,10,1799,5,27.9,75.3,77.8,119,1511.764705882353
Bihar,2021,11,600,0,33.7,15.7,43.0,119,504.2016806722689
Bihar,2021,12,297,0,28.1,2.9,55.9,119,249.57983193277312
Bihar,2022,1,88,0,29.3,1.5,67.5,119,73.94957983193278
Bihar,2022,2,37,0,35.2,8.4,42.6,119,31.092436974789916
Bihar,2022,3,87,0,33.0,22.6,40.5,119,73.10924369747899
Bihar,2022,4,101,0,38.9,1.5,33.8,119,84.87394957983193
Bihar,2022,5,92,0,28.9,6.6,62.8,119,77.31092436974791
Bihar,2022,6,460,0,36.6,0.4,46.2,119,386.5546218487395
Bihar,2022,7,1106,1,26.7,292.1,81.8,119,929.4117647058824
Bihar,2022,8,679,1,22.5,283.5,85.1,119,570.5882352941177
Bihar,2022,9,833,1,23.6,126.5,91.0,119,700.0
Bihar,2022,10,847,2,36.0,192.8,76.0,119,711.7647058823529
Bihar,2022,11,723,1,34.0,0.2,44.9,119,607.563025210084
Bihar,2022,12,501,1,32.5,5.8,42.8,119,421.00840336134456
Bihar,2023,1,108,0,27.7,2.4,49.2,119,90.75630252100841
Bihar,2023,2,113,0,29.2,7.0,54.5,119,94.9579831932773
Bihar,2023,3,127,0,38.2,10.5,20.7,119,106.72268907563026
Bihar,2023,4,67,0,31.1,11.1,33.1,119,56.30252100840336
Bihar,2023,5,141,0,26.4,0.3,81.4,119,118.4873949579832
Bihar,2023,6,735,0,29.7,12.9,33.9,119,617.6470588235294
Bihar,2023,7,699,0,30.3,137.3,72.2,119,587.3949579831932
Bihar,2023,8,1229,3,30.4,60.4,73.4,119,1032.7731092436975
Bihar,2023,9,1569,3,30.1,268.2,89.6,119,1318.487394957983
Bihar,2023,10,1157,1,28.9,186.4,79.4,119,972.2689075630251
Bihar,2023,11,656,1,31.9,7.2,37.2,119,551.2605042016806
Bihar,2023,12,461,1,37.0,7.5,51.6,119,387.39495798319325
Bihar,2024,1,106,0,33.2,9.0,33.1,119,89.07563025210085
Bihar,2024,2,175,0,33.0,1.9,65.7,119,147.05882352941177
Bihar,2024,3,146,0,25.7,6.2,36.0,119,122.6890756302521
Bihar,2024,4,124,0,30.8,3.6,55.3,119,104.20168067226892
Bihar,2024,5,61,0,33.8,3.2,27.2,119,51.26050420168067
Bihar,2024,6,746,2,35.1,10.4,54.9,119,626.890756302521
Bihar,2024,7,671,1,28.4,62.8,75.3,119,563.8655462184875
Bihar,2024,8,1327,1,32.6,246.7,59.5,119,1115.126050420168
Bihar,2024,9,1626,2,32.8,47.6,83.8,119,1366.3865546218487
Bihar,2024,10,1096,2,30.2,331.6,72.4,119,921.0084033613444
Bihar,2024,11,460,0,34.2,17.0,47.7,119,386.5546218487395
Bihar,2024,12,509,1,34.1,4.2,21.9,119,427.7310924369748
Punjab,2015,1,136,0,32.2,12.9,63.0,30,453.3333333333333
Punjab,2015,2,169,0,28.1,3.6,49.0,30,563.3333333333334
Punjab,2015,3,51,0,28.5,0.9,28.9,30,170.0
Punjab,2015,4,42,0,35.5,6.6,52.6,30,140.0
Punjab,2015,5,42,0,28.1,58.1,52.5,30,140.0
Punjab,2015,6,545,1,28.3,4.5,47.4,30,1816.6666666666667
Punjab,2015,7,304,0,25.5,257.3,72.0,30,1013.3333333333333
Punjab,2015,8,733,1,32.0,343.4,75.7,30,2443.3333333333335
Punjab,2015,9,640,1,27.4,123.0,68.1,30,2133.333333333333
Punjab,2015,10,823,1,32.1,66.3,72.6,30,2743.3333333333335
Punjab,2015,11,400,1,33.9,7.3,70.5,30,1333.3333333333335
Punjab,2015,12,334,0,35.1,2.3,64.0,30,1113.3333333333333
Punjab,2016,1,69,0,23.7,14.1,37.2,30,229.99999999999997
Punjab,2016,2,139,0,27.2,0.7,79.8,30,463.33333333333337
Punjab,2016,3,73,0,31.5,20.6,42.7,30,243.33333333333331
Punjab,2016,4,112,0,36.7,15.7,21.6,30,373.3333333333333
Punjab,2016,5,70,0,28.1,3.4,54.7,30,233.33333333333334
Punjab,2016,6,211,0,32.8,7.5,51.5,30,703.3333333333334
Punjab,2016,7,461,1,34.4,133.6,95.9,30,1536.6666666666667
Punjab,2016,8,988,2,29.4,173.5,90.7,30,3293.333333333333
Punjab,2016,9,631,1,30.4,113.8,83.8,30,2103.3333333333335
Punjab,2016,10,1311,1,24.2,317.6,61.2,30,4370.0
Punjab,2016,11,308,0,32.1,13.2,58.5,30,1026.6666666666667
Punjab,2016,12,730,1,27.7,5.3,80.4,30,2433.333333333333
Punjab,2017,1,134,0,32.0,1.9,33.2,30,446.6666666666667
Punjab,2017,2,100,0,36.3,24.0,68.9,30,333.33333333333337
Punjab,2017,3,61,0,31.0,3.2,54.2,30,203.33333333333331
Punjab,2017,4,74,0,28.3,0.3,47.2,30,246.66666666666669
Punjab,2017,5,82,0,34.8,8.3,40.6,30,273.3333333333333
Punjab,2017,6,563,1,31.7,1.2,67.9,30,1876.6666666666665
Punjab,2017,7,382,0,30.2,418.6,96.1,30,1273.3333333333333
Punjab,2017,8,867,2,34.0,184.5,83.3,30,2890.0
Punjab,2017,9,452,1,27.6,127.4,79.3,30,1506.6666666666667
Punjab,2017,10,758,2,28.5,114.5,79.8,30,2526.6666666666665
Punjab,2017,11,522,0,35.6,4.8,46.6,30,1739.9999999999998
Punjab,2017,12,373,0,38.9,26.3,75.3,30,1243.3333333333333
Punjab,2018,1,119,0,39.9,4.1,49.4,30,396.6666666666667
Punjab,2018,2,111,0,36.3,6.8,49.7,30,370.0
Punjab,2018,3,57,0,29.5,0.4,35.3,30,190.0
Punjab,2018,4,68,0,34.8,14.7,32.8,30,226.66666666666666
Punjab,2018,5,156,0,30.2,6.0,55.1,30,520.0
Punjab,2018,6,419,0,32.3,16.6,49.4,30,1396.6666666666667
Punjab,2018,7,625,1,26.6,120.1,95.9,30,2083.333333333333
Punjab,2018,8,871,1,25.2,330.0,70.8,30,2903.3333333333335
Punjab,2018,9,1340,3,29.9,172.3,82.0,30,4466.666666666666
Punjab,2018,10,1705,3,23.9,141.6,92.8,30,5683.333333333334
Punjab,2018,11,530,1,33.0,28.7,54.5,30,1766.6666666666667
Punjab,2018,12,435,0,30.1,18.7,75.1,30,1450.0
Punjab,2019,1,61,0,35.4,1.8,36.4,30,203.33333333333331
Punjab,2019,2,48,0,28.7,12.3,62.9,30,160.0
Punjab,2019,3,69,0,30.0,10.5,67.7,30,229.99999999999997
Punjab,2019,4,82,0,34.7,9.6,30.8,30,273.3333333333333
Punjab,2019,5,107,0,29.0,4.1,60.0,30,356.6666666666667
Punjab,2019,6,705,1,35.8,5.8,38.2,30,2350.0
Punjab,2019,7,525,1,28.6,189.0,94.8,30,1750.0
Punjab,2019,8,1179,3,29.4,248.1,78.7,30,3929.9999999999995
Punjab,2019,9,1032,1,27.1,117.2,80.3,30,3440.0
Punjab,2019,10,1292,1,29.3,275.2,72.0,30,4306.666666666667
Punjab,2019,11,711,1,32.2,7.6,22.5,30,2370.0
Punjab,2019,12,327,0,34.4,15.2,62.2,30,1090.0
Punjab,2020,1,114,0,30.5,0.1,60.5,30,380.0
Punjab,2020,2,56,0,25.1,7.7,45.9,30,186.66666666666666
Punjab,2020,3,71,0,35.1,4.7,36.3,30,236.66666666666666
Punjab,2020,4,55,0,19.9,11.6,57.7,30,183.33333333333331
Punjab,2020,5,61,0,30.7,2.6,32.4,30,203.33333333333331
Punjab,2020,6,592,0,32.6,1.7,67.4,30,1973.3333333333335
Punjab,2020,7,373,0,25.7,177.8,77.0,30,1243.3333333333333
Punjab,2020,8,903,2,28.3,269.6,80.7,30,3010.0
Punjab,2020,9,1059,1,30.3,140.8,79.0,30,3529.9999999999995
Punjab,2020,10,705,1,24.8,299.6,85.5,30,2350.0
Punjab,2020,11,467,0,29.5,6.5,29.8,30,1556.6666666666667
Punjab,2020,12,522,0,36.7,6.0,34.9,30,1739.9999999999998
Punjab,2021,1,108,0,30.3,4.8,59.3,30,360.0
Punjab,2021,2,95,0,35.4,11.5,70.5,30,316.66666666666663
Punjab,2021,3,120,0,23.0,6.3,52.9,30,400.0
Punjab,2021,4,117,0,33.4,25.0,44.6,30,390.0
Punjab,2021,5,98,0,30.6,9.5,40.6,30,326.6666666666667
Punjab,2021,6,353,0,22.9,4.3,57.4,30,1176.6666666666667
Punjab,2021,7,415,1,19.7,166.7,75.9,30,1383.3333333333335
Punjab,2021,8,952,2,30.3,193.1,66.3,30,3173.3333333333335
Punjab,2021,9,993,2,25.6,139.6,67.0,30,3310.0
Punjab,2021,10,1665,2,24.5,232.0,77.4,30,5550.0
Punjab,2021,11,551,1,35.9,28.0,26.2,30,1836.6666666666667
Punjab,2021,12,581,1,32.9,22.1,47.2,30,1936.6666666666667
Punjab,2022,1,69,0,26.1,10.1,20.0,30,229.99999999999997
Punjab,2022,2,90,0,33.5,4.3,20.0,30,300.0
Punjab,2022,3,153,0,34.4,1.2,49.4,30,509.99999999999994
Punjab,2022,4,102,0,37.3,1.1,78.9,30,340.0
Punjab,2022,5,143,0,33.4,4.8,78.8,30,476.6666666666667
Punjab,2022,6,724,0,25.9,6.9,44.6,30,2413.3333333333335
Punjab,2022,7,515,1,23.4,95.1,67.8,30,1716.6666666666667
Punjab,2022,8,1573,1,26.9,89.3,75.5,30,5243.333333333333
Punjab,2022,9,499,0,26.1,365.2,74.6,30,1663.3333333333333
Punjab,2022,10,1178,1,26.3,77.7,68.9,30,3926.6666666666665
Punjab,2022,11,436,1,36.8,16.8,60.0,30,1453.3333333333333
Punjab,2022,12,472,0,31.9,12.0,55.6,30,1573.3333333333333
Punjab,2023,1,97,0,33.6,12.8,52.5,30,323.3333333333333
Punjab,2023,2,161,0,26.7,4.9,39.9,30,536.6666666666666
Punjab,2023,3,75,0,36.0,0.5,53.8,30,250.0
Punjab,2023,4,139,0,30.5,1.1,31.3,30,463.33333333333337
Punjab,2023,5,57,0,30.5,6.6,49.3,30,190.0
Punjab,2023,6,641,1,32.0,4.7,66.5,30,2136.6666666666665
Punjab,2023,7,573,0,24.1,223.7,70.1,30,1910.0000000000002
Punjab,2023,8,744,1,36.2,276.7,80.3,30,2480.0
Punjab,2023,9,785,2,23.2,223.8,82.1,30,2616.666666666667
Punjab,2023,10,750,1,33.6,146.2,71.6,30,2500.0
Punjab,2023,11,747,1,23.7,7.1,51.3,30,2490.0
Punjab,2023,12,333,0,37.2,3.4,36.9,30,1110.0
Punjab,2024,1,101,0,31.7,5.0,57.2,30,336.6666666666667
Punjab,2024,2,179,0,36.6,2.6,53.3,30,596.6666666666666
Punjab,2024,3,91,0,29.3,12.6,59.9,30,303.3333333333333
Punjab,2024,4,88,0,36.5,0.0,20.0,30,293.3333333333333
Punjab,2024,5,105,0,33.3,3.0,45.7,30,350.0
Punjab,2024,6,463,1,25.8,2.4,38.4,30,1543.3333333333333
Punjab,2024,7,821,2,27.4,374.2,68.6,30,2736.6666666666665
Punjab,2024,8,1785,4,26.5,240.4,73.0,30,5950.0
Punjab,2024,9,1419,3,29.9,361.0,63.7,30,4730.0
Punjab,2024,10,1281,1,26.0,296.0,73.0,30,4270.0
Punjab,2024,11,552,1,38.3,2.5,49.3,30,1839.9999999999998
Punjab,2024,12,566,0,28.8,2.2,61.3,30,1886.6666666666667
Haryana,2015,1,88,0,31.0,10.1,55.0,29,303.44827586206895
Haryana,2015,2,67,0,29.4,1.9,70.4,29,231.0344827586207
Haryana,2015,3,47,0,32.7,5.1,50.2,29,162.06896551724137
Haryana,2015,4,92,0,37.3,11.9,51.0,29,317.2413793103448
Haryana,2015,5,67,0,30.4,2.9,50.0,29,231.0344827586207
Haryana,2015,6,389,0,32.0,7.2,61.3,29,1341.3793103448277
Haryana,2015,7,459,1,30.1,170.2,71.5,29,1582.7586206896551
Haryana,2015,8,769,2,32.3,212.9,65.0,29,2651.7241379310344
Haryana,2015,9,1224,2,30.4,122.3,83.0,29,4220.689655172414
Haryana,2015,10,1053,1,23.8,85.0,83.1,29,3631.0344827586205
Haryana,2015,11,793,1,37.9,6.5,49.5,29,2734.4827586206898
Haryana,2015,12,285,0,32.8,5.3,62.3,29,982.7586206896551
Haryana,2016,1,109,0,36.2,1.2,34.7,29,375.86206896551727
Haryana,2016,2,80,0,30.8,8.9,83.3,29,275.86206896551727
Haryana,2016,3,61,0,32.4,19.9,40.4,29,210.3448275862069
Haryana,2016,4,74,0,31.9,4.0,52.9,29,255.17241379310346
Haryana,2016,5,66,0,26.6,24.2,45.2,29,227.58620689655174
Haryana,2016,6,264,0,28.7,3.1,56.8,29,910.344827586207
Haryana,2016,7,822,1,27.5,135.1,54.0,29,2834.4827586206898
Haryana,2016,8,866,2,29.7,166.8,82.2,29,2986.206896551724
Haryana,2016,9,1041,1,26.3,110.2,84.8,29,3589.655172413793
Haryana,2016,10,705,1,30.9,319.1,64.8,29,2431.0344827586205
Haryana,2016,11,388,1,31.2,18.6,61.2,29,1337.9310344827586
Haryana,2016,12,338,0,40.8,1.3,24.8,29,1165.5172413793102
Haryana,2017,1,79,0,38.4,7.6,72.0,29,272.41379310344826
Haryana,2017,2,74,0,28.5,18.0,46.7,29,255.17241379310346
Haryana,2017,3,104,0,29.4,6.4,45.1,29,358.62068965517244
Haryana,2017,4,110,0,33.5,27.9,31.0,29,379.3103448275862
Haryana,2017,5,98,0,27.2,7.2,36.7,29,337.9310344827586
Haryana,2017,6,353,0,20.6,4.9,39.7,29,1217.2413793103449
Haryana,2017,7,356,0,30.6,272.4,79.8,29,1227.5862068965519
Haryana,2017,8,964,1,36.6,109.8,92.1,29,3324.137931034483
Haryana,2017,9,670,0,26.3,224.3,74.1,29,2310.344827586207
Haryana,2017,10,1218,2,31.9,177.9,60.8,29,4200.0
Haryana,2017,11,311,0,34.3,20.4,46.0,29,1072.4137931034481
Haryana,2017,12,613,1,34.5,0.3,46.9,29,2113.793103448276
Haryana,2018,1,82,0,37.3,1.3,48.2,29,282.7586206896552
Haryana,2018,2,73,0,34.3,4.7,35.0,29,251.72413793103448
Haryana,2018,3,125,0,36.5,0.3,48.9,29,431.03448275862075
Haryana,2018,4,90,0,34.7,21.7,54.6,29,310.3448275862069
Haryana,2018,5,77,0,30.6,0.1,50.0,29,265.51724137931035
Haryana,2018,6,542,1,31.0,1.9,54.5,29,1868.9655172413793
Haryana,2018,7,340,0,24.2,336.5,80.3,29,1172.4137931034481
Haryana,2018,8,1030,1,28.9,74.8,61.7,29,3551.724137931034
Haryana,2018,9,407,0,27.5,346.8,81.9,29,1403.448275862069
Haryana,2018,10,667,0,32.5,157.4,63.7,29,2300.0
Haryana,2018,11,853,2,26.2,1.6,56.7,29,2941.379310344828
Haryana,2018,12,609,0,36.5,7.0,57.6,29,2100.0
Haryana,2019,1,91,0,30.9,0.6,29.2,29,313.7931034482759
Haryana,2019,2,89,0,33.3,10.7,42.3,29,306.89655172413796
Haryana,2019,3,72,0,29.5,14.2,74.6,29,248.27586206896552
Haryana,2019,4,98,0,29.2,4.7,54.4,29,337.9310344827586
Haryana,2019,5,95,0,38.4,2.8,59.7,29,327.58620689655174
Haryana,2019,6,349,0,32.2,12.1,39.1,29,1203.448275862069
Haryana,2019,7,596,0,25.2,139.2,65.9,29,2055.1724137931037
Haryana,2019,8,823,2,28.7,114.0,79.6,29,2837.9310344827586
Haryana,2019,9,605,1,31.6,181.0,81.1,29,2086.206896551724
Haryana,2019,10,915,1,29.0,114.4,70.2,29,3155.1724137931037
Haryana,2019,11,735,1,31.3,9.8,60.7,29,2534.4827586206898
Haryana,2019,12,417,0,34.7,19.5,63.4,29,1437.9310344827586
Haryana,2020,1,60,0,31.5,15.9,49.2,29,206.89655172413794
Haryana,2020,2,135,0,30.2,23.2,53.0,29,465.51724137931035
Haryana,2020,3,87,0,22.5,24.7,41.5,29,300.0
Haryana,2020,4,40,0,28.0,6.9,68.8,29,137.93103448275863
Haryana,2020,5,167,0,25.5,2.0,51.2,29,575.8620689655172
Haryana,2020,6,389,0,27.6,11.4,20.0,29,1341.3793103448277
Haryana,2020,7,638,0,27.7,494.9,74.4,29,2200.0
Haryana,2020,8,1047,2,23.7,289.6,72.4,29,3610.344827586207
Haryana,2020,9,583,0,30.9,269.7,76.3,29,2010.3448275862067
Haryana,2020,10,776,1,24.8,92.1,81.1,29,2675.862068965517
Haryana,2020,11,494,1,32.3,37.3,45.7,29,1703.448275862069
Haryana,2020,12,686,1,30.6,23.7,58.2,29,2365.5172413793102
Haryana,2021,1,167,0,28.5,11.4,51.4,29,575.8620689655172
Haryana,2021,2,58,0,33.6,2.2,51.4,29,200.0
Haryana,2021,3,150,0,31.7,16.1,67.0,29,517.2413793103449
Haryana,2021,4,58,0,33.7,17.8,55.3,29,200.0
Haryana,2021,5,118,0,24.1,3.1,46.0,29,406.8965517241379
Haryana,2021,6,488,0,31.4,8.9,66.2,29,1682.7586206896551
Haryana,2021,7,545,0,31.5,318.7,74.6,29,1879.310344827586
Haryana,2021,8,960,1,26.6,56.0,78.6,29,3310.344827586207
Haryana,2021,9,1341,2,27.9,273.4,70.5,29,4624.137931034483
Haryana,2021,10,736,0,22.7,86.7,73.3,29,2537.9310344827586
Haryana,2021,11,615,1,27.9,7.4,55.1,29,2120.689655172414
Haryana,2021,12,468,1,40.1,20.7,43.6,29,1613.7931034482758
Haryana,2022,1,110,0,35.5,23.9,35.8,29,379.3103448275862
Haryana,2022,2,94,0,31.3,37.5,51.5,29,324.13793103448273
Haryana,2022,3,108,0,25.9,12.2,48.2,29,372.41379310344826
Haryana,2022,4,64,0,26.6,31.1,42.6,29,220.68965517241378
Haryana,2022,5,79,0,36.3,12.5,49.6,29,272.41379310344826
Haryana,2022,6,641,1,32.6,1.8,39.7,29,2210.344827586207
Haryana,2022,7,717,1,30.8,148.8,63.9,29,2472.4137931034484
Haryana,2022,8,1282,2,27.6,280.9,75.4,29,4420.689655172414
Haryana,2022,9,1484,1,33.2,261.6,72.4,29,5117.241379310344
Haryana,2022,10,1110,3,26.4,332.9,83.8,29,3827.5862068965516
Haryana,2022,11,414,1,30.1,9.2,66.8,29,1427.5862068965519
Haryana,2022,12,505,1,37.1,7.0,51.5,29,1741.3793103448277
Haryana,2023,1,128,0,32.2,16.8,30.1,29,441.37931034482756
Haryana,2023,2,97,0,34.6,2.9,45.3,29,334.48275862068965
Haryana,2023,3,86,0,32.4,10.4,65.0,29,296.55172413793105
Haryana,2023,4,203,0,32.3,7.0,50.6,29,700.0
Haryana,2023,5,91,0,29.8,1.7,38.0,29,313.7931034482759
Haryana,2023,6,455,1,29.2,9.4,56.0,29,1568.9655172413793
Haryana,2023,7,914,1,25.6,104.7,80.4,29,3151.7241379310344
Haryana,2023,8,752,1,32.5,48.9,96.7,29,2593.103448275862
Haryana,2023,9,1131,1,29.6,229.8,72.4,29,3900.0
Haryana,2023,10,803,1,26.7,482.3,61.1,29,2768.9655172413795
Haryana,2023,11,834,2,23.8,11.8,41.3,29,2875.862068965517
Haryana,2023,12,832,1,33.7,3.1,38.7,29,2868.9655172413795
Haryana,2024,1,66,0,32.9,13.1,49.8,29,227.58620689655174
Haryana,2024,2,301,0,30.9,0.2,60.7,29,1037.9310344827586
Haryana,2024,3,154,0,30.4,5.5,34.2,29,531.0344827586207
Haryana,2024,4,122,0,29.8,8.5,55.1,29,420.6896551724138
Haryana,2024,5,108,0,29.9,3.5,75.8,29,372.41379310344826
Haryana,2024,6,680,1,29.4,2.9,65.5,29,2344.8275862068963
Haryana,2024,7,536,0,23.6,304.4,78.1,29,1848.2758620689656
Haryana,2024,8,899,1,35.4,268.8,85.3,29,3100.0
Haryana,2024,9,975,2,30.4,21.3,68.9,29,3362.0689655172414
Haryana,2024,10,1050,2,26.1,54.7,98.8,29,3620.6896551724135
Haryana,2024,11,916,1,35.5,7.6,65.4,29,3158.620689655172
Haryana,2024,12,844,0,33.5,5.3,56.9,29,2910.344827586207
Delhi,2015,1,155,0,35.3,30.6,62.0,20,775.0
Delhi,2015,2,116,0,29.6,4.0,52.0,20,580.0
Delhi,2015,3,163,0,33.0,13.4,37.2,20,815.0
Delhi,2015,4,187,0,32.8,30.6,43.8,20,935.0
Delhi,2015,5,236,0,24.0,8.6,30.1,20,1180.0
Delhi,2015,6,955,2,34.0,1.1,43.6,20,4775.0
Delhi,2015,7,1148,2,27.5,161.0,82.9,20,5740.0
Delhi,2015,8,1913,3,28.5,260.4,70.2,20,9565.0
Delhi,2015,9,1621,3,28.4,167.4,74.9,20,8105.0
Delhi,2015,10,1544,1,22.0,217.0,75.7,20,7720.0
Delhi,2015,11,1201,2,34.3,5.3,69.3,20,6005.0
Delhi,2015,12,799,1,30.3,7.9,38.2,20,3995.0000000000005
Delhi,2016,1,148,0,29.7,10.8,41.1,20,740.0
Delhi,2016,2,186,0,35.2,10.5,55.6,20,930.0000000000001
Delhi,2016,3,111,0,38.5,1.5,53.5,20,555.0
Delhi,2016,4,114,0,25.6,26.5,43.0,20,570.0
Delhi,2016,5,212,0,35.2,32.8,53.5,20,1060.0
Delhi,2016,6,1125,2,33.8,2.3,89.8,20,5625.0
Delhi,2016,7,1238,3,26.2,87.6,74.3,20,6190.0
Delhi,2016,8,2106,6,25.5,283.2,74.4,20,10530.0
Delhi,2016,9,1947,4,28.7,319.0,73.9,20,9735.0
Delhi,2016,10,1058,1,34.2,63.7,96.2,20,5290.0
Delhi,2016,11,866,1,29.7,24.0,54.4,20,4330.0
Delhi,2016,12,868,1,29.5,0.1,56.7,20,4340.0
Delhi,2017,1,144,0,29.6,6.5,37.0,20,720.0
Delhi,2017,2,124,0,38.6,6.1,62.2,20,620.0
Delhi,2017,3,279,0,32.6,34.4,52.9,20,1395.0
Delhi,2017,4,154,0,31.3,2.0,31.6,20,770.0
Delhi,2017,5,304,0,32.8,9.8,37.2,20,1520.0
Delhi,2017,6,793,2,33.9,8.1,54.0,20,3965.0
Delhi,2017,7,785,1,25.3,129.8,82.8,20,3925.0
Delhi,2017,8,1103,2,31.0,185.6,58.8,20,5515.0
Delhi,2017,9,1974,4,29.4,96.6,79.4,20,9870.0
Delhi,2017,10,1612,2,24.4,134.3,59.6,20,8059.999999999999
Delhi,2017,11,504,1,33.9,2.6,41.3,20,2520.0
Delhi,2017,12,1141,1,37.7,21.0,47.8,20,5705.0
Delhi,2018,1,128,0,39.7,8.2,30.1,20,640.0
Delhi,2018,2,248,0,33.7,2.0,38.3,20,1240.0
Delhi,2018,3,211,0,31.5,12.2,41.7,20,1055.0
Delhi,2018,4,89,0,29.5,8.9,46.1,20,445.0
Delhi,2018,5,143,0,39.6,5.7,46.1,20,715.0
Delhi,2018,6,1051,1,29.5,3.6,61.7,20,5255.0
Delhi,2018,7,1534,1,28.0,245.2,85.3,20,7670.0
Delhi,2018,8,1475,1,25.2,336.4,85.3,20,7375.0
Delhi,2018,9,1397,1,26.5,102.2,87.2,20,6984.999999999999
Delhi,2018,10,1482,2,31.0,143.9,72.4,20,7409.999999999999
Delhi,2018,11,997,2,33.9,10.3,70.7,20,4985.0
Delhi,2018,12,912,2,33.3,12.2,64.1,20,4560.0
Delhi,2019,1,202,0,30.7,6.8,29.6,20,1010.0
Delhi,2019,2,187,0,29.1,0.3,26.7,20,935.0
Delhi,2019,3,184,0,26.7,7.1,38.9,20,919.9999999999999
Delhi,2019,4,175,0,33.9,10.5,67.5,20,875.0
Delhi,2019,5,195,0,30.4,1.4,60.6,20,975.0
Delhi,2019,6,735,1,36.3,27.8,50.0,20,3675.0
Delhi,2019,7,1386,1,31.7,238.6,92.7,20,6930.0
Delhi,2019,8,1640,3,29.2,326.0,67.5,20,8200.0
Delhi,2019,9,3093,4,21.2,227.8,87.6,20,15465.0
Delhi,2019,10,1855,5,27.2,242.0,65.7,20,9275.0
Delhi,2019,11,1329,3,29.2,4.9,46.9,20,6645.0
Delhi,2019,12,758,0,42.0,0.6,62.7,20,3790.0
Delhi,2020,1,165,0,30.3,9.5,65.7,20,825.0
Delhi,2020,2,212,0,30.8,7.2,70.3,20,1060.0
Delhi,2020,3,264,0,26.3,6.4,76.3,20,1320.0
Delhi,2020,4,222,0,30.9,0.1,33.0,20,1110.0
Delhi,2020,5,249,0,32.0,9.4,35.3,20,1245.0
Delhi,2020,6,815,1,28.0,3.9,58.2,20,4075.0
Delhi,2020,7,1062,2,31.1,204.3,62.7,20,5310.0
Delhi,2020,8,1769,4,24.0,157.1,75.5,20,8845.0
Delhi,2020,9,1969,5,24.7,92.7,71.0,20,9845.0
Delhi,2020,10,2571,6,29.5,130.4,72.2,20,12855.000000000002
Delhi,2020,11,731,1,36.6,3.8,52.8,20,3654.9999999999995
Delhi,2020,12,870,1,43.6,22.2,46.1,20,4350.0
Delhi,2021,1,279,0,27.6,5.0,58.4,20,1395.0
Delhi,2021,2,323,0,35.4,27.7,45.5,20,1614.9999999999998
Delhi,2021,3,129,0,35.2,21.1,75.0,20,645.0
Delhi,2021,4,285,0,28.1,0.4,67.2,20,1425.0
Delhi,2021,5,234,0,31.7,20.4,67.9,20,1170.0
Delhi,2021,6,2048,2,31.2,3.0,69.1,20,10240.0
Delhi,2021,7,1497,4,22.9,275.0,76.5,20,7484.999999999999
Delhi,2021,8,2001,3,24.6,349.8,77.3,20,10005.0
Delhi,2021,9,2043,2,29.5,203.3,75.7,20,10215.0
Delhi,2021,10,2080,4,27.9,284.4,63.6,20,10400.0
Delhi,2021,11,1355,2,38.4,16.0,41.2,20,6775.0
Delhi,2021,12,1504,3,34.3,25.8,55.9,20,7520.0
Delhi,2022,1,132,0,32.8,4.6,56.1,20,660.0
Delhi,2022,2,155,0,25.2,0.2,55.6,20,775.0
Delhi,2022,3,270,0,34.6,1.8,52.2,20,1350.0
Delhi,2022,4,107,0,35.3,19.8,51.8,20,535.0
Delhi,2022,5,198,0,33.7,4.6,46.5,20,990.0
Delhi,2022,6,898,2,31.4,5.2,40.3,20,4490.0
Delhi,2022,7,1265,2,32.4,74.9,83.1,20,6325.0
Delhi,2022,8,1096,1,34.2,124.6,71.4,20,5480.0
Delhi,2022,9,2331,4,30.6,240.1,78.3,20,11655.0
Delhi,2022,10,2206,5,26.5,213.0,56.6,20,11030.0
Delhi,2022,11,2356,6,27.2,0.3,58.7,20,11780.0
Delhi,2022,12,1070,2,24.9,26.3,74.4,20,5350.0
Delhi,2023,1,265,0,28.8,4.6,59.9,20,1325.0
Delhi,2023,2,246,0,34.1,5.9,56.2,20,1230.0
Delhi,2023,3,181,0,36.7,8.3,32.5,20,905.0000000000001
Delhi,2023,4,385,0,28.5,11.7,44.5,20,1925.0
Delhi,2023,5,300,0,32.3,4.6,45.9,20,1500.0
Delhi,2023,6,772,1,30.8,28.7,57.8,20,3860.0
Delhi,2023,7,1975,4,25.6,93.6,67.5,20,9875.0
Delhi,2023,8,2160,5,25.4,180.5,76.9,20,10800.0
Delhi,2023,9,2183,2,28.3,257.1,75.4,20,10915.0
Delhi,2023,10,2720,8,29.5,210.2,92.6,20,13600.0
Delhi,2023,11,2032,2,33.1,3.3,40.3,20,10160.0
Delhi,2023,12,1151,1,38.5,2.3,35.9,20,5755.0
Delhi,2024,1,342,0,30.1,6.7,64.2,20,1710.0000000000002
Delhi,2024,2,222,0,25.7,23.2,50.7,20,1110.0
Delhi,2024,3,290,0,31.7,1.5,45.7,20,1450.0
Delhi,2024,4,136,0,37.1,18.1,43.7,20,680.0
Delhi,2024,5,332,0,25.3,0.7,20.0,20,1660.0000000000002
Delhi,2024,6,896,2,29.9,5.3,75.7,20,4480.0
Delhi,2024,7,1562,3,26.7,66.0,66.1,20,7809.999999999999
Delhi,2024,8,2982,4,28.1,81.2,74.0,20,14910.0
Delhi,2024,9,1983,5,29.4,153.3,62.1,20,9915.0
Delhi,2024,10,3071,7,21.5,150.0,76.8,20,15355.000000000002
Delhi,2024,11,1858,2,33.4,0.3,48.1,20,9290.0
Delhi,2024,12,684,1,31.0,3.2,63.2,20,3420.0000000000005
