year,model,state,y_log,pred_log,cases
2018,Persistence (previous year),ANDAMAN AND NICOBAR,3.912023005428146,2.9444389791664403,49
2018,Persistence (previous year),ANDHRA PRADESH,8.297045149081827,8.502282578680484,4011
2018,Persistence (previous year),ARUNACHAL PRADESH,0.6931471805599453,2.9444389791664403,1
2018,Persistence (previous year),ASSAM,5.117993812416755,8.522180732927277,166
2018,Persistence (previous year),BIHAR,7.669961995473577,7.5256399750415355,2142
2018,Persistence (previous year),CHANDIGARH,5.71042701737487,7.026426808699636,301
2018,Persistence (previous year),CHHATTISGARH,7.891704659330107,6.09807428216624,2674
2018,Persistence (previous year),DADRA AND NAGAR HAVELI,6.202535517187923,7.632885505395133,493
2018,Persistence (previous year),DAMAN AND DIU,5.099866427824199,4.0943445622221,163
2018,Persistence (previous year),DELHI,8.873047798971067,9.134754385019587,7136
2018,Persistence (previous year),GOA,5.817111159963204,5.4638318050256105,335
2018,Persistence (previous year),GUJARAT,8.933268478636418,8.46674164792014,7579
2018,Persistence (previous year),HARYANA,7.549082710812286,8.423102268016642,1898
2018,Persistence (previous year),HIMACHAL PRADESH,8.449556542700426,6.115892125483034,4672
2018,Persistence (previous year),JAMMU AND KASHMIR,5.3706380281276624,6.192362489474872,214
2018,Persistence (previous year),JHARKHAND,6.139884552226255,6.566672429803241,463
2018,Persistence (previous year),KARNATAKA,8.395703293828527,9.789478635924262,4427
2018,Persistence (previous year),KERALA,8.314832179284556,9.90323752128092,4083
2018,Persistence (previous year),LAKSHADWEEP,0.0,0.0,0
2018,Persistence (previous year),MADHYA PRADESH,8.413387022690648,7.888709524182015,4506
2018,Persistence (previous year),MAHARASHTRA,9.306740866262498,8.965717788984849,11011
2018,Persistence (previous year),MANIPUR,2.70805020110221,5.267858159063328,14
2018,Persistence (previous year),MEGHALAYA,3.8066624897703196,3.970291913552122,44
2018,Persistence (previous year),MIZORAM,4.23410650459726,4.919980925828125,68
2018,Persistence (previous year),NAGALAND,5.91350300563827,5.8805329864007,369
2018,Persistence (previous year),ODISHA,8.556221578383715,8.33302993974291,5198
2018,Persistence (previous year),PUDUCHERRY,6.385194398997726,8.427049641563272,592
2018,Persistence (previous year),PUNJAB,9.614538010517382,9.642057851228413,14980
2018,Persistence (previous year),RAJASTHAN,9.168267595554275,9.03931477492408,9587
2018,Persistence (previous year),SIKKIM,5.771441123130016,5.746203190540153,320
2018,Persistence (previous year),TAMIL NADU,8.408939605975984,10.055994024250897,4486
2018,Persistence (previous year),TELANGANA,8.432288684325794,8.58858318750291,4592
2018,Persistence (previous year),TRIPURA,4.61512051684126,4.852030263919617,100
2018,Persistence (previous year),UTTAR PRADESH,8.250620082174692,8.03689677268507,3829
2018,Persistence (previous year),UTTARAKHAND,6.536691597591305,6.745236349484363,689
2018,State climatology (training mean),ANDAMAN AND NICOBAR,3.912023005428146,2.9444389791664403,49
2018,State climatology (training mean),ANDHRA PRADESH,8.297045149081827,8.502282578680484,4011
2018,State climatology (training mean),ARUNACHAL PRADESH,0.6931471805599453,2.9444389791664403,1
2018,State climatology (training mean),ASSAM,5.117993812416755,8.522180732927277,166
2018,State climatology (training mean),BIHAR,7.669961995473577,7.5256399750415355,2142
2018,State climatology (training mean),CHANDIGARH,5.71042701737487,7.026426808699636,301
2018,State climatology (training mean),CHHATTISGARH,7.891704659330107,6.09807428216624,2674
2018,State climatology (training mean),DADRA AND NAGAR HAVELI,6.202535517187923,7.632885505395133,493
2018,State climatology (training mean),DAMAN AND DIU,5.099866427824199,4.0943445622221,163
2018,State climatology (training mean),DELHI,8.873047798971067,9.134754385019587,7136
2018,State climatology (training mean),GOA,5.817111159963204,5.4638318050256105,335
2018,State climatology (training mean),GUJARAT,8.933268478636418,8.46674164792014,7579
2018,State climatology (training mean),HARYANA,7.549082710812286,8.423102268016642,1898
2018,State climatology (training mean),HIMACHAL PRADESH,8.449556542700426,6.115892125483034,4672
2018,State climatology (training mean),JAMMU AND KASHMIR,5.3706380281276624,6.192362489474872,214
2018,State climatology (training mean),JHARKHAND,6.139884552226255,6.566672429803241,463
2018,State climatology (training mean),KARNATAKA,8.395703293828527,9.789478635924262,4427
2018,State climatology (training mean),KERALA,8.314832179284556,9.90323752128092,4083
2018,State climatology (training mean),LAKSHADWEEP,0.0,0.0,0
2018,State climatology (training mean),MADHYA PRADESH,8.413387022690648,7.888709524182015,4506
2018,State climatology (training mean),MAHARASHTRA,9.306740866262498,8.965717788984849,11011
2018,State climatology (training mean),MANIPUR,2.70805020110221,5.267858159063328,14
2018,State climatology (training mean),MEGHALAYA,3.8066624897703196,3.970291913552122,44
2018,State climatology (training mean),MIZORAM,4.23410650459726,4.919980925828125,68
2018,State climatology (training mean),NAGALAND,5.91350300563827,5.8805329864007,369
2018,State climatology (training mean),ODISHA,8.556221578383715,8.33302993974291,5198
2018,State climatology (training mean),PUDUCHERRY,6.385194398997726,8.427049641563272,592
2018,State climatology (training mean),PUNJAB,9.614538010517382,9.642057851228413,14980
2018,State climatology (training mean),RAJASTHAN,9.168267595554275,9.03931477492408,9587
2018,State climatology (training mean),SIKKIM,5.771441123130016,5.746203190540153,320
2018,State climatology (training mean),TAMIL NADU,8.408939605975984,10.055994024250897,4486
2018,State climatology (training mean),TELANGANA,8.432288684325794,8.58858318750291,4592
2018,State climatology (training mean),TRIPURA,4.61512051684126,4.852030263919617,100
2018,State climatology (training mean),UTTAR PRADESH,8.250620082174692,8.03689677268507,3829
2018,State climatology (training mean),UTTARAKHAND,6.536691597591305,6.745236349484363,689
2018,Global annual mean,ANDAMAN AND NICOBAR,3.912023005428146,8.367631963922786,49
2018,Global annual mean,ANDHRA PRADESH,8.297045149081827,8.367631963922786,4011
2018,Global annual mean,ARUNACHAL PRADESH,0.6931471805599453,8.367631963922786,1
2018,Global annual mean,ASSAM,5.117993812416755,8.367631963922786,166
2018,Global annual mean,BIHAR,7.669961995473577,8.367631963922786,2142
2018,Global annual mean,CHANDIGARH,5.71042701737487,8.367631963922786,301
2018,Global annual mean,CHHATTISGARH,7.891704659330107,8.367631963922786,2674
2018,Global annual mean,DADRA AND NAGAR HAVELI,6.202535517187923,8.367631963922786,493
2018,Global annual mean,DAMAN AND DIU,5.099866427824199,8.367631963922786,163
2018,Global annual mean,DELHI,8.873047798971067,8.367631963922786,7136
2018,Global annual mean,GOA,5.817111159963204,8.367631963922786,335
2018,Global annual mean,GUJARAT,8.933268478636418,8.367631963922786,7579
2018,Global annual mean,HARYANA,7.549082710812286,8.367631963922786,1898
2018,Global annual mean,HIMACHAL PRADESH,8.449556542700426,8.367631963922786,4672
2018,Global annual mean,JAMMU AND KASHMIR,5.3706380281276624,8.367631963922786,214
2018,Global annual mean,JHARKHAND,6.139884552226255,8.367631963922786,463
2018,Global annual mean,KARNATAKA,8.395703293828527,8.367631963922786,4427
2018,Global annual mean,KERALA,8.314832179284556,8.367631963922786,4083
2018,Global annual mean,LAKSHADWEEP,0.0,8.367631963922786,0
2018,Global annual mean,MADHYA PRADESH,8.413387022690648,8.367631963922786,4506
2018,Global annual mean,MAHARASHTRA,9.306740866262498,8.367631963922786,11011
2018,Global annual mean,MANIPUR,2.70805020110221,8.367631963922786,14
2018,Global annual mean,MEGHALAYA,3.8066624897703196,8.367631963922786,44
2018,Global annual mean,MIZORAM,4.23410650459726,8.367631963922786,68
2018,Global annual mean,NAGALAND,5.91350300563827,8.367631963922786,369
2018,Global annual mean,ODISHA,8.556221578383715,8.367631963922786,5198
2018,Global annual mean,PUDUCHERRY,6.385194398997726,8.367631963922786,592
2018,Global annual mean,PUNJAB,9.614538010517382,8.367631963922786,14980
2018,Global annual mean,RAJASTHAN,9.168267595554275,8.367631963922786,9587
2018,Global annual mean,SIKKIM,5.771441123130016,8.367631963922786,320
2018,Global annual mean,TAMIL NADU,8.408939605975984,8.367631963922786,4486
2018,Global annual mean,TELANGANA,8.432288684325794,8.367631963922786,4592
2018,Global annual mean,TRIPURA,4.61512051684126,8.367631963922786,100
2018,Global annual mean,UTTAR PRADESH,8.250620082174692,8.367631963922786,3829
2018,Global annual mean,UTTARAKHAND,6.536691597591305,8.367631963922786,689
2018,Negative-binomial GLM (history),ANDAMAN AND NICOBAR,3.912023005428146,3.840352487379253,49
2018,Negative-binomial GLM (history),ANDHRA PRADESH,8.297045149081827,10.274816019376646,4011
2018,Negative-binomial GLM (history),ARUNACHAL PRADESH,0.6931471805599453,4.972283047423663,1
2018,Negative-binomial GLM (history),ASSAM,5.117993812416755,9.861411244655626,166
2018,Negative-binomial GLM (history),BIHAR,7.669961995473577,10.741855945809787,2142
2018,Negative-binomial GLM (history),CHANDIGARH,5.71042701737487,6.002491602055616,301
2018,Negative-binomial GLM (history),CHHATTISGARH,7.891704659330107,8.872245330318291,2674
2018,Negative-binomial GLM (history),DADRA AND NAGAR HAVELI,6.202535517187923,5.649665189788233,493
2018,Negative-binomial GLM (history),DAMAN AND DIU,5.099866427824199,8.080743867126012,163
2018,Negative-binomial GLM (history),DELHI,8.873047798971067,9.361101915714825,7136
2018,Negative-binomial GLM (history),GOA,5.817111159963204,5.796893384577209,335
2018,Negative-binomial GLM (history),GUJARAT,8.933268478636418,10.529541268968684,7579
2018,Negative-binomial GLM (history),HARYANA,7.549082710812286,9.561473976971714,1898
2018,Negative-binomial GLM (history),HIMACHAL PRADESH,8.449556542700426,7.555145740958052,4672
2018,Negative-binomial GLM (history),JAMMU AND KASHMIR,5.3706380281276624,8.047298373542539,214
2018,Negative-binomial GLM (history),JHARKHAND,6.139884552226255,9.24999540481159,463
2018,Negative-binomial GLM (history),KARNATAKA,8.395703293828527,10.83150628172537,4427
2018,Negative-binomial GLM (history),KERALA,8.314832179284556,10.269998256235597,4083
2018,Negative-binomial GLM (history),LAKSHADWEEP,0.0,1.3154355824498918,0
2018,Negative-binomial GLM (history),MADHYA PRADESH,8.413387022690648,10.505557750378488,4506
2018,Negative-binomial GLM (history),MAHARASHTRA,9.306740866262498,11.254800614809138,11011
2018,Negative-binomial GLM (history),MANIPUR,2.70805020110221,6.2350148616840375,14
2018,Negative-binomial GLM (history),MEGHALAYA,3.8066624897703196,6.163760753677076,44
2018,Negative-binomial GLM (history),MIZORAM,4.23410650459726,5.487492963828207,68
2018,Negative-binomial GLM (history),NAGALAND,5.91350300563827,6.195033731344258,369
2018,Negative-binomial GLM (history),ODISHA,8.556221578383715,10.136660420384871,5198
2018,Negative-binomial GLM (history),PUDUCHERRY,6.385194398997726,6.42890823893107,592
2018,Negative-binomial GLM (history),PUNJAB,9.614538010517382,10.048388251172499,14980
2018,Negative-binomial GLM (history),RAJASTHAN,9.168267595554275,10.758897606751441,9587
2018,Negative-binomial GLM (history),SIKKIM,5.771441123130016,4.951275563717634,320
2018,Negative-binomial GLM (history),TAMIL NADU,8.408939605975984,10.993967646531049,4486
2018,Negative-binomial GLM (history),TELANGANA,8.432288684325794,9.959817170524012,4592
2018,Negative-binomial GLM (history),TRIPURA,4.61512051684126,6.545541760631331,100
2018,Negative-binomial GLM (history),UTTAR PRADESH,8.250620082174692,11.671516036449482,3829
2018,Negative-binomial GLM (history),UTTARAKHAND,6.536691597591305,8.23246138363259,689
2018,Negative-binomial GLM (full),ANDAMAN AND NICOBAR,3.912023005428146,3.987726040846504,49
2018,Negative-binomial GLM (full),ANDHRA PRADESH,8.297045149081827,8.38870761779861,4011
2018,Negative-binomial GLM (full),ARUNACHAL PRADESH,0.6931471805599453,3.8638932287607535,1
2018,Negative-binomial GLM (full),ASSAM,5.117993812416755,8.531202134659102,166
2018,Negative-binomial GLM (full),BIHAR,7.669961995473577,8.074459749116055,2142
2018,Negative-binomial GLM (full),CHANDIGARH,5.71042701737487,7.420505291849681,301
2018,Negative-binomial GLM (full),CHHATTISGARH,7.891704659330107,6.853787307196507,2674
2018,Negative-binomial GLM (full),DADRA AND NAGAR HAVELI,6.202535517187923,7.509178799657109,493
2018,Negative-binomial GLM (full),DAMAN AND DIU,5.099866427824199,5.73960649767252,163
2018,Negative-binomial GLM (full),DELHI,8.873047798971067,9.534083574958158,7136
2018,Negative-binomial GLM (full),GOA,5.817111159963204,6.712580618817813,335
2018,Negative-binomial GLM (full),GUJARAT,8.933268478636418,9.259852428464997,7579
2018,Negative-binomial GLM (full),HARYANA,7.549082710812286,8.731545395822693,1898
2018,Negative-binomial GLM (full),HIMACHAL PRADESH,8.449556542700426,6.839748686129395,4672
2018,Negative-binomial GLM (full),JAMMU AND KASHMIR,5.3706380281276624,6.081977885797891,214
2018,Negative-binomial GLM (full),JHARKHAND,6.139884552226255,6.579798107292582,463
2018,Negative-binomial GLM (full),KARNATAKA,8.395703293828527,9.97998421084394,4427
2018,Negative-binomial GLM (full),KERALA,8.314832179284556,10.574119981596468,4083
2018,Negative-binomial GLM (full),LAKSHADWEEP,0.0,1.9264322388785091,0
2018,Negative-binomial GLM (full),MADHYA PRADESH,8.413387022690648,8.128706690159385,4506
2018,Negative-binomial GLM (full),MAHARASHTRA,9.306740866262498,9.894502052364182,11011
2018,Negative-binomial GLM (full),MANIPUR,2.70805020110221,5.367174893340358,14
2018,Negative-binomial GLM (full),MEGHALAYA,3.8066624897703196,4.462552215381147,44
2018,Negative-binomial GLM (full),MIZORAM,4.23410650459726,6.1665112110043,68
2018,Negative-binomial GLM (full),NAGALAND,5.91350300563827,6.162597250003813,369
2018,Negative-binomial GLM (full),ODISHA,8.556221578383715,8.483108395713035,5198
2018,Negative-binomial GLM (full),PUDUCHERRY,6.385194398997726,8.199840762694354,592
2018,Negative-binomial GLM (full),PUNJAB,9.614538010517382,9.852001985215905,14980
2018,Negative-binomial GLM (full),RAJASTHAN,9.168267595554275,8.710469242047093,9587
2018,Negative-binomial GLM (full),SIKKIM,5.771441123130016,5.862458034480391,320
2018,Negative-binomial GLM (full),TAMIL NADU,8.408939605975984,10.505521626037806,4486
2018,Negative-binomial GLM (full),TELANGANA,8.432288684325794,9.085403789419697,4592
2018,Negative-binomial GLM (full),TRIPURA,4.61512051684126,4.963983923287249,100
2018,Negative-binomial GLM (full),UTTAR PRADESH,8.250620082174692,8.665584108986847,3829
2018,Negative-binomial GLM (full),UTTARAKHAND,6.536691597591305,7.027664840027535,689
2018,Gradient boosting (history only),ANDAMAN AND NICOBAR,3.912023005428146,3.3662923583871462,49
2018,Gradient boosting (history only),ANDHRA PRADESH,8.297045149081827,8.438767778209558,4011
2018,Gradient boosting (history only),ARUNACHAL PRADESH,0.6931471805599453,1.8004198242614198,1
2018,Gradient boosting (history only),ASSAM,5.117993812416755,10.038320400899119,166
2018,Gradient boosting (history only),BIHAR,7.669961995473577,7.438155232224227,2142
2018,Gradient boosting (history only),CHANDIGARH,5.71042701737487,7.141560724960982,301
2018,Gradient boosting (history only),CHHATTISGARH,7.891704659330107,6.543521213473509,2674
2018,Gradient boosting (history only),DADRA AND NAGAR HAVELI,6.202535517187923,8.746523886806322,493
2018,Gradient boosting (history only),DAMAN AND DIU,5.099866427824199,5.868159121711411,163
2018,Gradient boosting (history only),DELHI,8.873047798971067,8.811123658409336,7136
2018,Gradient boosting (history only),GOA,5.817111159963204,5.166434244245192,335
2018,Gradient boosting (history only),GUJARAT,8.933268478636418,9.072119853482446,7579
2018,Gradient boosting (history only),HARYANA,7.549082710812286,8.597875723888631,1898
2018,Gradient boosting (history only),HIMACHAL PRADESH,8.449556542700426,6.68749857518418,4672
2018,Gradient boosting (history only),JAMMU AND KASHMIR,5.3706380281276624,6.77617658242603,214
2018,Gradient boosting (history only),JHARKHAND,6.139884552226255,6.909593784933122,463
2018,Gradient boosting (history only),KARNATAKA,8.395703293828527,8.720569732807235,4427
2018,Gradient boosting (history only),KERALA,8.314832179284556,8.720569732807235,4083
2018,Gradient boosting (history only),LAKSHADWEEP,0.0,0.06077398498835244,0
2018,Gradient boosting (history only),MADHYA PRADESH,8.413387022690648,8.090809053671347,4506
2018,Gradient boosting (history only),MAHARASHTRA,9.306740866262498,8.788189694579042,11011
2018,Gradient boosting (history only),MANIPUR,2.70805020110221,5.648086557958493,14
2018,Gradient boosting (history only),MEGHALAYA,3.8066624897703196,5.580557866192196,44
2018,Gradient boosting (history only),MIZORAM,4.23410650459726,5.5781697538433,68
2018,Gradient boosting (history only),NAGALAND,5.91350300563827,6.181481358474548,369
2018,Gradient boosting (history only),ODISHA,8.556221578383715,9.655184984020604,5198
2018,Gradient boosting (history only),PUDUCHERRY,6.385194398997726,6.949875634304728,592
2018,Gradient boosting (history only),PUNJAB,9.614538010517382,8.829422122272842,14980
2018,Gradient boosting (history only),RAJASTHAN,9.168267595554275,8.878725502513767,9587
2018,Gradient boosting (history only),SIKKIM,5.771441123130016,6.246578180606267,320
2018,Gradient boosting (history only),TAMIL NADU,8.408939605975984,7.509345811778639,4486
2018,Gradient boosting (history only),TELANGANA,8.432288684325794,9.029207433427045,4592
2018,Gradient boosting (history only),TRIPURA,4.61512051684126,5.5124717851724725,100
2018,Gradient boosting (history only),UTTAR PRADESH,8.250620082174692,9.005141061159849,3829
2018,Gradient boosting (history only),UTTARAKHAND,6.536691597591305,7.52461381928386,689
2018,Gradient boosting (multi-modal),ANDAMAN AND NICOBAR,3.912023005428146,2.2489545886553506,49
2018,Gradient boosting (multi-modal),ANDHRA PRADESH,8.297045149081827,8.45184054537337,4011
2018,Gradient boosting (multi-modal),ARUNACHAL PRADESH,0.6931471805599453,2.0851333665350613,1
2018,Gradient boosting (multi-modal),ASSAM,5.117993812416755,9.269128421271304,166
2018,Gradient boosting (multi-modal),BIHAR,7.669961995473577,7.57063784731777,2142
2018,Gradient boosting (multi-modal),CHANDIGARH,5.71042701737487,7.114727660851861,301
2018,Gradient boosting (multi-modal),CHHATTISGARH,7.891704659330107,6.4341066927482595,2674
2018,Gradient boosting (multi-modal),DADRA AND NAGAR HAVELI,6.202535517187923,7.572569669192467,493
2018,Gradient boosting (multi-modal),DAMAN AND DIU,5.099866427824199,4.570178260716723,163
2018,Gradient boosting (multi-modal),DELHI,8.873047798971067,8.892398358519621,7136
2018,Gradient boosting (multi-modal),GOA,5.817111159963204,5.173451586732124,335
2018,Gradient boosting (multi-modal),GUJARAT,8.933268478636418,8.844281409623813,7579
2018,Gradient boosting (multi-modal),HARYANA,7.549082710812286,8.387707633007782,1898
2018,Gradient boosting (multi-modal),HIMACHAL PRADESH,8.449556542700426,6.695087448946548,4672
2018,Gradient boosting (multi-modal),JAMMU AND KASHMIR,5.3706380281276624,7.074536584305001,214
2018,Gradient boosting (multi-modal),JHARKHAND,6.139884552226255,6.87085139716856,463
2018,Gradient boosting (multi-modal),KARNATAKA,8.395703293828527,9.246113054178108,4427
2018,Gradient boosting (multi-modal),KERALA,8.314832179284556,9.66700978264453,4083
2018,Gradient boosting (multi-modal),LAKSHADWEEP,0.0,0.023487353536748072,0
2018,Gradient boosting (multi-modal),MADHYA PRADESH,8.413387022690648,8.1404070737914,4506
2018,Gradient boosting (multi-modal),MAHARASHTRA,9.306740866262498,8.928095166229452,11011
2018,Gradient boosting (multi-modal),MANIPUR,2.70805020110221,5.346405540270817,14
2018,Gradient boosting (multi-modal),MEGHALAYA,3.8066624897703196,5.362415662699078,44
2018,Gradient boosting (multi-modal),MIZORAM,4.23410650459726,4.3606500526038845,68
2018,Gradient boosting (multi-modal),NAGALAND,5.91350300563827,6.402933482121777,369
2018,Gradient boosting (multi-modal),ODISHA,8.556221578383715,9.087413219688381,5198
2018,Gradient boosting (multi-modal),PUDUCHERRY,6.385194398997726,8.805114010815728,592
2018,Gradient boosting (multi-modal),PUNJAB,9.614538010517382,9.448944891252808,14980
2018,Gradient boosting (multi-modal),RAJASTHAN,9.168267595554275,8.806788934988406,9587
2018,Gradient boosting (multi-modal),SIKKIM,5.771441123130016,6.25567347648657,320
2018,Gradient boosting (multi-modal),TAMIL NADU,8.408939605975984,9.164689891838604,4486
2018,Gradient boosting (multi-modal),TELANGANA,8.432288684325794,9.37038727611186,4592
2018,Gradient boosting (multi-modal),TRIPURA,4.61512051684126,5.22437865281041,100
2018,Gradient boosting (multi-modal),UTTAR PRADESH,8.250620082174692,8.749152165489544,3829
2018,Gradient boosting (multi-modal),UTTARAKHAND,6.536691597591305,6.751153655229551,689
2019,Persistence (previous year),ANDAMAN AND NICOBAR,5.1298987149230735,3.912023005428146,168
2019,Persistence (previous year),ANDHRA PRADESH,8.57300625623545,8.297045149081827,5286
2019,Persistence (previous year),ARUNACHAL PRADESH,4.820281565605037,0.6931471805599453,123
2019,Persistence (previous year),ASSAM,5.2832037287379885,5.117993812416755,196
2019,Persistence (previous year),BIHAR,8.811801223938751,7.669961995473577,6712
2019,Persistence (previous year),CHANDIGARH,5.659482215759621,5.71042701737487,286
2019,Persistence (previous year),CHHATTISGARH,6.583409222158765,7.891704659330107,722
2019,Persistence (previous year),DADRA AND NAGAR HAVELI,7.307872780763706,6.202535517187923,1491
2019,Persistence (previous year),DAMAN AND DIU,6.439350371100098,5.099866427824199,625
2019,Persistence (previous year),DELHI,8.532672762264625,8.873047798971067,5077
2019,Persistence (previous year),GOA,6.900730664045173,5.817111159963204,992
2019,Persistence (previous year),GUJARAT,9.810275170813949,8.933268478636418,18219
2019,Persistence (previous year),HARYANA,7.0967213784947605,7.549082710812286,1207
2019,Persistence (previous year),HIMACHAL PRADESH,5.84354441703136,8.449556542700426,344
2019,Persistence (previous year),JAMMU AND KASHMIR,6.0867747269123065,5.3706380281276624,439
2019,Persistence (previous year),JHARKHAND,6.716594773520978,6.139884552226255,825
2019,Persistence (previous year),KARNATAKA,9.74020362461931,8.395703293828527,16986
2019,Persistence (previous year),KERALA,8.445267451844648,8.314832179284556,4652
2019,Persistence (previous year),LAKSHADWEEP,0.0,0.0,0
2019,Persistence (previous year),MADHYA PRADESH,8.340456012916183,8.413387022690648,4189
2019,Persistence (previous year),MAHARASHTRA,9.60965326059915,9.306740866262498,14907
2019,Persistence (previous year),MANIPUR,5.886104031450156,2.70805020110221,359
2019,Persistence (previous year),MEGHALAYA,4.418840607796598,3.8066624897703196,82
2019,Persistence (previous year),MIZORAM,3.7612001156935624,4.23410650459726,42
2019,Persistence (previous year),NAGALAND,2.1972245773362196,5.91350300563827,8
2019,Persistence (previous year),ODISHA,8.231908243564177,8.556221578383715,3758
2019,Persistence (previous year),PUDUCHERRY,7.616283561580385,6.385194398997726,2030
2019,Persistence (previous year),PUNJAB,9.238927828828094,9.614538010517382,10289
2019,Persistence (previous year),RAJASTHAN,9.525661930231381,9.168267595554275,13706
2019,Persistence (previous year),SIKKIM,6.09807428216624,5.771441123130016,444
2019,Persistence (previous year),TAMIL NADU,9.051110146405625,8.408939605975984,8527
2019,Persistence (previous year),TELANGANA,9.497922439427631,8.432288684325794,13331
2019,Persistence (previous year),TRIPURA,4.74493212836325,4.61512051684126,114
2019,Persistence (previous year),UTTAR PRADESH,9.264639145383562,8.250620082174692,10557
2019,Persistence (previous year),UTTARAKHAND,9.270776740780013,6.536691597591305,10622
2019,State climatology (training mean),ANDAMAN AND NICOBAR,5.1298987149230735,3.5409593240373143,168
2019,State climatology (training mean),ANDHRA PRADESH,8.57300625623545,8.404919948933452,5286
2019,State climatology (training mean),ARUNACHAL PRADESH,4.820281565605037,2.3513752571634776,123
2019,State climatology (training mean),ASSAM,5.2832037287379885,7.86172707782398,196
2019,State climatology (training mean),BIHAR,8.811801223938751,7.6004023345004,6712
2019,State climatology (training mean),CHANDIGARH,5.659482215759621,6.570882962339584,286
2019,State climatology (training mean),CHHATTISGARH,6.583409222158765,7.352441100243583,722
2019,State climatology (training mean),DADRA AND NAGAR HAVELI,7.307872780763706,7.154224655599844,1491
2019,State climatology (training mean),DAMAN AND DIU,6.439350371100098,4.718498871295094,625
2019,State climatology (training mean),DELHI,8.532672762264625,9.012438063215205,5077
2019,State climatology (training mean),GOA,6.900730664045173,5.655991810819852,992
2019,State climatology (training mean),GUJARAT,9.810275170813949,8.726967774991493,18219
2019,State climatology (training mean),HARYANA,7.0967213784947605,8.078688229229872,1207
2019,State climatology (training mean),HIMACHAL PRADESH,5.84354441703136,7.848933726364071,344
2019,State climatology (training mean),JAMMU AND KASHMIR,6.0867747269123065,5.863631175598097,439
2019,State climatology (training mean),JHARKHAND,6.716594773520978,6.375876246018314,825
2019,State climatology (training mean),KARNATAKA,9.74020362461931,9.31798328099154,16986
2019,State climatology (training mean),KERALA,8.445267451844648,9.395948189761288,4652
2019,State climatology (training mean),LAKSHADWEEP,0.0,0.0,0
2019,State climatology (training mean),MADHYA PRADESH,8.340456012916183,8.185071477532283,4189
2019,State climatology (training mean),MAHARASHTRA,9.60965326059915,9.150696519048667,14907
2019,State climatology (training mean),MANIPUR,5.886104031450156,4.6491870714048655,359
2019,State climatology (training mean),MEGHALAYA,4.418840607796598,3.8918202981106265,82
2019,State climatology (training mean),MIZORAM,3.7612001156935624,4.634728988229636,42
2019,State climatology (training mean),NAGALAND,2.1972245773362196,5.8971538676367405,8
2019,State climatology (training mean),ODISHA,8.231908243564177,8.450839690866216,3758
2019,State climatology (training mean),PUDUCHERRY,7.616283561580385,7.855932199718614,2030
2019,State climatology (training mean),PUNJAB,9.238927828828094,9.628392595589819,10289
2019,State climatology (training mean),RAJASTHAN,9.525661930231381,9.105868350379472,13706
2019,State climatology (training mean),SIKKIM,6.09807428216624,5.75890177387728,444
2019,State climatology (training mean),TAMIL NADU,9.051110146405625,9.53899642739739,8527
2019,State climatology (training mean),TELANGANA,9.497922439427631,8.51348632948491,13331
2019,State climatology (training mean),TRIPURA,4.74493212836325,4.740574822994295,114
2019,State climatology (training mean),UTTAR PRADESH,9.264639145383562,8.14945730011808,10557
2019,State climatology (training mean),UTTARAKHAND,9.270776740780013,6.646390514847729,10622
2019,Global annual mean,ANDAMAN AND NICOBAR,5.1298987149230735,8.188359705112246,168
2019,Global annual mean,ANDHRA PRADESH,8.57300625623545,8.188359705112246,5286
2019,Global annual mean,ARUNACHAL PRADESH,4.820281565605037,8.188359705112246,123
2019,Global annual mean,ASSAM,5.2832037287379885,8.188359705112246,196
2019,Global annual mean,BIHAR,8.811801223938751,8.188359705112246,6712
2019,Global annual mean,CHANDIGARH,5.659482215759621,8.188359705112246,286
2019,Global annual mean,CHHATTISGARH,6.583409222158765,8.188359705112246,722
2019,Global annual mean,DADRA AND NAGAR HAVELI,7.307872780763706,8.188359705112246,1491
2019,Global annual mean,DAMAN AND DIU,6.439350371100098,8.188359705112246,625
2019,Global annual mean,DELHI,8.532672762264625,8.188359705112246,5077
2019,Global annual mean,GOA,6.900730664045173,8.188359705112246,992
2019,Global annual mean,GUJARAT,9.810275170813949,8.188359705112246,18219
2019,Global annual mean,HARYANA,7.0967213784947605,8.188359705112246,1207
2019,Global annual mean,HIMACHAL PRADESH,5.84354441703136,8.188359705112246,344
2019,Global annual mean,JAMMU AND KASHMIR,6.0867747269123065,8.188359705112246,439
2019,Global annual mean,JHARKHAND,6.716594773520978,8.188359705112246,825
2019,Global annual mean,KARNATAKA,9.74020362461931,8.188359705112246,16986
2019,Global annual mean,KERALA,8.445267451844648,8.188359705112246,4652
2019,Global annual mean,LAKSHADWEEP,0.0,8.188359705112246,0
2019,Global annual mean,MADHYA PRADESH,8.340456012916183,8.188359705112246,4189
2019,Global annual mean,MAHARASHTRA,9.60965326059915,8.188359705112246,14907
2019,Global annual mean,MANIPUR,5.886104031450156,8.188359705112246,359
2019,Global annual mean,MEGHALAYA,4.418840607796598,8.188359705112246,82
2019,Global annual mean,MIZORAM,3.7612001156935624,8.188359705112246,42
2019,Global annual mean,NAGALAND,2.1972245773362196,8.188359705112246,8
2019,Global annual mean,ODISHA,8.231908243564177,8.188359705112246,3758
2019,Global annual mean,PUDUCHERRY,7.616283561580385,8.188359705112246,2030
2019,Global annual mean,PUNJAB,9.238927828828094,8.188359705112246,10289
2019,Global annual mean,RAJASTHAN,9.525661930231381,8.188359705112246,13706
2019,Global annual mean,SIKKIM,6.09807428216624,8.188359705112246,444
2019,Global annual mean,TAMIL NADU,9.051110146405625,8.188359705112246,8527
2019,Global annual mean,TELANGANA,9.497922439427631,8.188359705112246,13331
2019,Global annual mean,TRIPURA,4.74493212836325,8.188359705112246,114
2019,Global annual mean,UTTAR PRADESH,9.264639145383562,8.188359705112246,10557
2019,Global annual mean,UTTARAKHAND,9.270776740780013,8.188359705112246,10622
2019,Negative-binomial GLM (history),ANDAMAN AND NICOBAR,5.1298987149230735,3.851951000804469,168
2019,Negative-binomial GLM (history),ANDHRA PRADESH,8.57300625623545,9.790917880434458,5286
2019,Negative-binomial GLM (history),ARUNACHAL PRADESH,4.820281565605037,4.3318518093010745,123
2019,Negative-binomial GLM (history),ASSAM,5.2832037287379885,8.535348164996329,196
2019,Negative-binomial GLM (history),BIHAR,8.811801223938751,10.376809842304803,6712
2019,Negative-binomial GLM (history),CHANDIGARH,5.659482215759621,5.301982660389429,286
2019,Negative-binomial GLM (history),CHHATTISGARH,6.583409222158765,9.027994370282984,722
2019,Negative-binomial GLM (history),DADRA AND NAGAR HAVELI,7.307872780763706,4.8385554632583965,1491
2019,Negative-binomial GLM (history),DAMAN AND DIU,6.439350371100098,8.119241160449738,625
2019,Negative-binomial GLM (history),DELHI,8.532672762264625,8.851467522850852,5077
2019,Negative-binomial GLM (history),GOA,6.900730664045173,5.651346082881446,992
2019,Negative-binomial GLM (history),GUJARAT,9.810275170813949,10.14769201651078,18219
2019,Negative-binomial GLM (history),HARYANA,7.0967213784947605,8.933818412858537,1207
2019,Negative-binomial GLM (history),HIMACHAL PRADESH,5.84354441703136,7.853295873210537,344
2019,Negative-binomial GLM (history),JAMMU AND KASHMIR,6.0867747269123065,7.6660780632504215,439
2019,Negative-binomial GLM (history),JHARKHAND,6.716594773520978,8.846632315765483,825
2019,Negative-binomial GLM (history),KARNATAKA,9.74020362461931,10.023786683778845,16986
2019,Negative-binomial GLM (history),KERALA,8.445267451844648,9.39990500686939,4652
2019,Negative-binomial GLM (history),LAKSHADWEEP,0.0,1.373052197326271,0
2019,Negative-binomial GLM (history),MADHYA PRADESH,8.340456012916183,10.20201587051819,4189
2019,Negative-binomial GLM (history),MAHARASHTRA,9.60965326059915,10.860751885613299,14907
2019,Negative-binomial GLM (history),MANIPUR,5.886104031450156,5.443559946588894,359
2019,Negative-binomial GLM (history),MEGHALAYA,4.418840607796598,5.860134552062924,82
2019,Negative-binomial GLM (history),MIZORAM,3.7612001156935624,4.9755904969739255,42
2019,Negative-binomial GLM (history),NAGALAND,2.1972245773362196,5.979096243674078,8
2019,Negative-binomial GLM (history),ODISHA,8.231908243564177,9.689164442311574,3758
2019,Negative-binomial GLM (history),PUDUCHERRY,7.616283561580385,5.635685635360851,2030
2019,Negative-binomial GLM (history),PUNJAB,9.238927828828094,9.538391092056786,10289
2019,Negative-binomial GLM (history),RAJASTHAN,9.525661930231381,10.331902972597705,13706
2019,Negative-binomial GLM (history),SIKKIM,6.09807428216624,4.773992726622925,444
2019,Negative-binomial GLM (history),TAMIL NADU,9.051110146405625,10.19322174739488,8527
2019,Negative-binomial GLM (history),TELANGANA,9.497922439427631,9.476546407741559,13331
2019,Negative-binomial GLM (history),TRIPURA,4.74493212836325,6.274087437012709,114
2019,Negative-binomial GLM (history),UTTAR PRADESH,9.264639145383562,11.17337541811672,10557
2019,Negative-binomial GLM (history),UTTARAKHAND,9.270776740780013,7.760809665934786,10622
2019,Negative-binomial GLM (full),ANDAMAN AND NICOBAR,5.1298987149230735,3.8607580912873383,168
2019,Negative-binomial GLM (full),ANDHRA PRADESH,8.57300625623545,8.17410493941058,5286
2019,Negative-binomial GLM (full),ARUNACHAL PRADESH,4.820281565605037,3.0243982349036322,123
2019,Negative-binomial GLM (full),ASSAM,5.2832037287379885,7.468366638522752,196
2019,Negative-binomial GLM (full),BIHAR,8.811801223938751,8.58355630995208,6712
2019,Negative-binomial GLM (full),CHANDIGARH,5.659482215759621,6.331765586792663,286
2019,Negative-binomial GLM (full),CHHATTISGARH,6.583409222158765,7.621286486883906,722
2019,Negative-binomial GLM (full),DADRA AND NAGAR HAVELI,7.307872780763706,6.312265156523065,1491
2019,Negative-binomial GLM (full),DAMAN AND DIU,6.439350371100098,6.118813840065802,625
2019,Negative-binomial GLM (full),DELHI,8.532672762264625,9.16730815721283,5077
2019,Negative-binomial GLM (full),GOA,6.900730664045173,6.348007161259484,992
2019,Negative-binomial GLM (full),GUJARAT,9.810275170813949,9.119060937542443,18219
2019,Negative-binomial GLM (full),HARYANA,7.0967213784947605,8.386014212714128,1207
2019,Negative-binomial GLM (full),HIMACHAL PRADESH,5.84354441703136,8.427359501702115,344
2019,Negative-binomial GLM (full),JAMMU AND KASHMIR,6.0867747269123065,5.788165577290523,439
2019,Negative-binomial GLM (full),JHARKHAND,6.716594773520978,6.352693875047324,825
2019,Negative-binomial GLM (full),KARNATAKA,9.74020362461931,9.317319711852306,16986
2019,Negative-binomial GLM (full),KERALA,8.445267451844648,9.884371231579783,4652
2019,Negative-binomial GLM (full),LAKSHADWEEP,0.0,1.1342771926124053,0
2019,Negative-binomial GLM (full),MADHYA PRADESH,8.340456012916183,8.112456973718823,4189
2019,Negative-binomial GLM (full),MAHARASHTRA,9.60965326059915,9.731479745105313,14907
2019,Negative-binomial GLM (full),MANIPUR,5.886104031450156,4.351639970849491,359
2019,Negative-binomial GLM (full),MEGHALAYA,4.418840607796598,4.219899765021138,82
2019,Negative-binomial GLM (full),MIZORAM,3.7612001156935624,5.183839930572142,42
2019,Negative-binomial GLM (full),NAGALAND,2.1972245773362196,6.188859619234182,8
2019,Negative-binomial GLM (full),ODISHA,8.231908243564177,8.659714599548169,3758
2019,Negative-binomial GLM (full),PUDUCHERRY,7.616283561580385,7.070367182161078,2030
2019,Negative-binomial GLM (full),PUNJAB,9.238927828828094,9.814424817206783,10289
2019,Negative-binomial GLM (full),RAJASTHAN,9.525661930231381,8.662814364085706,13706
2019,Negative-binomial GLM (full),SIKKIM,6.09807428216624,6.0889605619539156,444
2019,Negative-binomial GLM (full),TAMIL NADU,9.051110146405625,9.76367718849789,8527
2019,Negative-binomial GLM (full),TELANGANA,9.497922439427631,8.811700981246933,13331
2019,Negative-binomial GLM (full),TRIPURA,4.74493212836325,4.866034136571724,114
2019,Negative-binomial GLM (full),UTTAR PRADESH,9.264639145383562,8.638370301188534,10557
2019,Negative-binomial GLM (full),UTTARAKHAND,9.270776740780013,6.727640726669574,10622
2019,Gradient boosting (history only),ANDAMAN AND NICOBAR,5.1298987149230735,5.010402910928974,168
2019,Gradient boosting (history only),ANDHRA PRADESH,8.57300625623545,7.842811536204674,5286
2019,Gradient boosting (history only),ARUNACHAL PRADESH,4.820281565605037,1.9150578522702448,123
2019,Gradient boosting (history only),ASSAM,5.2832037287379885,5.659671735498219,196
2019,Gradient boosting (history only),BIHAR,8.811801223938751,7.176411851076406,6712
2019,Gradient boosting (history only),CHANDIGARH,5.659482215759621,6.322401162209177,286
2019,Gradient boosting (history only),CHHATTISGARH,6.583409222158765,6.4523794349641035,722
2019,Gradient boosting (history only),DADRA AND NAGAR HAVELI,7.307872780763706,7.026502493856615,1491
2019,Gradient boosting (history only),DAMAN AND DIU,6.439350371100098,4.6939957607500284,625
2019,Gradient boosting (history only),DELHI,8.532672762264625,9.092925036340425,5077
2019,Gradient boosting (history only),GOA,6.900730664045173,6.884985388597593,992
2019,Gradient boosting (history only),GUJARAT,9.810275170813949,9.0879374364889,18219
2019,Gradient boosting (history only),HARYANA,7.0967213784947605,8.331472447025293,1207
2019,Gradient boosting (history only),HIMACHAL PRADESH,5.84354441703136,6.400993791999649,344
2019,Gradient boosting (history only),JAMMU AND KASHMIR,6.0867747269123065,5.743406138122535,439
2019,Gradient boosting (history only),JHARKHAND,6.716594773520978,7.780314664273972,825
2019,Gradient boosting (history only),KARNATAKA,9.74020362461931,8.584430555362639,16986
2019,Gradient boosting (history only),KERALA,8.445267451844648,8.600086826023464,4652
2019,Gradient boosting (history only),LAKSHADWEEP,0.0,0.17097614084387774,0
2019,Gradient boosting (history only),MADHYA PRADESH,8.340456012916183,8.035071082831767,4189
2019,Gradient boosting (history only),MAHARASHTRA,9.60965326059915,8.989987906708173,14907
2019,Gradient boosting (history only),MANIPUR,5.886104031450156,2.696970018595558,359
2019,Gradient boosting (history only),MEGHALAYA,4.418840607796598,4.009098463261299,82
2019,Gradient boosting (history only),MIZORAM,3.7612001156935624,4.474398693772769,42
2019,Gradient boosting (history only),NAGALAND,2.1972245773362196,7.148751560880213,8
2019,Gradient boosting (history only),ODISHA,8.231908243564177,8.699694244126325,3758
2019,Gradient boosting (history only),PUDUCHERRY,7.616283561580385,7.064327723675545,2030
2019,Gradient boosting (history only),PUNJAB,9.238927828828094,9.710953648560531,10289
2019,Gradient boosting (history only),RAJASTHAN,9.525661930231381,9.050686744927926,13706
2019,Gradient boosting (history only),SIKKIM,6.09807428216624,7.20732396135931,444
2019,Gradient boosting (history only),TAMIL NADU,9.051110146405625,8.660141074171204,8527
2019,Gradient boosting (history only),TELANGANA,9.497922439427631,8.032923427348896,13331
2019,Gradient boosting (history only),TRIPURA,4.74493212836325,3.875316676075918,114
2019,Gradient boosting (history only),UTTAR PRADESH,9.264639145383562,8.60449440796689,10557
2019,Gradient boosting (history only),UTTARAKHAND,9.270776740780013,5.888586528269593,10622
2019,Gradient boosting (multi-modal),ANDAMAN AND NICOBAR,5.1298987149230735,3.519083490616754,168
2019,Gradient boosting (multi-modal),ANDHRA PRADESH,8.57300625623545,8.098229237582666,5286
2019,Gradient boosting (multi-modal),ARUNACHAL PRADESH,4.820281565605037,1.7737161434549364,123
2019,Gradient boosting (multi-modal),ASSAM,5.2832037287379885,4.730771996653967,196
2019,Gradient boosting (multi-modal),BIHAR,8.811801223938751,7.644055451848544,6712
2019,Gradient boosting (multi-modal),CHANDIGARH,5.659482215759621,5.8357737661272235,286
2019,Gradient boosting (multi-modal),CHHATTISGARH,6.583409222158765,7.068608736132379,722
2019,Gradient boosting (multi-modal),DADRA AND NAGAR HAVELI,7.307872780763706,6.264450689460461,1491
2019,Gradient boosting (multi-modal),DAMAN AND DIU,6.439350371100098,4.76166821616471,625
2019,Gradient boosting (multi-modal),DELHI,8.532672762264625,9.205762926374916,5077
2019,Gradient boosting (multi-modal),GOA,6.900730664045173,6.134696465165805,992
2019,Gradient boosting (multi-modal),GUJARAT,9.810275170813949,8.960482284929546,18219
2019,Gradient boosting (multi-modal),HARYANA,7.0967213784947605,8.197466105669951,1207
2019,Gradient boosting (multi-modal),HIMACHAL PRADESH,5.84354441703136,7.230733282556348,344
2019,Gradient boosting (multi-modal),JAMMU AND KASHMIR,6.0867747269123065,5.6791466404014175,439
2019,Gradient boosting (multi-modal),JHARKHAND,6.716594773520978,6.767623867992654,825
2019,Gradient boosting (multi-modal),KARNATAKA,9.74020362461931,9.040159793937388,16986
2019,Gradient boosting (multi-modal),KERALA,8.445267451844648,9.37005389301175,4652
2019,Gradient boosting (multi-modal),LAKSHADWEEP,0.0,0.11679452043203697,0
2019,Gradient boosting (multi-modal),MADHYA PRADESH,8.340456012916183,8.307441386153242,4189
2019,Gradient boosting (multi-modal),MAHARASHTRA,9.60965326059915,9.049820426254866,14907
2019,Gradient boosting (multi-modal),MANIPUR,5.886104031450156,3.6468455605893375,359
2019,Gradient boosting (multi-modal),MEGHALAYA,4.418840607796598,4.0231151837656585,82
2019,Gradient boosting (multi-modal),MIZORAM,3.7612001156935624,4.305910743310164,42
2019,Gradient boosting (multi-modal),NAGALAND,2.1972245773362196,6.376949060155242,8
2019,Gradient boosting (multi-modal),ODISHA,8.231908243564177,8.519308454823236,3758
2019,Gradient boosting (multi-modal),PUDUCHERRY,7.616283561580385,7.603991763717766,2030
2019,Gradient boosting (multi-modal),PUNJAB,9.238927828828094,9.511630761130846,10289
2019,Gradient boosting (multi-modal),RAJASTHAN,9.525661930231381,8.940709593416207,13706
2019,Gradient boosting (multi-modal),SIKKIM,6.09807428216624,5.800654667043993,444
2019,Gradient boosting (multi-modal),TAMIL NADU,9.051110146405625,9.721828838086505,8527
2019,Gradient boosting (multi-modal),TELANGANA,9.497922439427631,8.586185353935956,13331
2019,Gradient boosting (multi-modal),TRIPURA,4.74493212836325,4.482295375633878,114
2019,Gradient boosting (multi-modal),UTTAR PRADESH,9.264639145383562,8.074156314268425,10557
2019,Gradient boosting (multi-modal),UTTARAKHAND,9.270776740780013,6.6686142325775375,10622
2020,Persistence (previous year),ANDAMAN AND NICOBAR,4.59511985013459,5.1298987149230735,98
2020,Persistence (previous year),ANDHRA PRADESH,6.8308742346461795,8.57300625623545,925
2020,Persistence (previous year),ARUNACHAL PRADESH,0.6931471805599453,4.820281565605037,1
2020,Persistence (previous year),ASSAM,3.5263605246161616,5.2832037287379885,33
2020,Persistence (previous year),BIHAR,6.202535517187923,8.811801223938751,493
2020,Persistence (previous year),CHANDIGARH,5.583496308781699,5.659482215759621,265
2020,Persistence (previous year),CHHATTISGARH,4.060443010546419,6.583409222158765,57
2020,Persistence (previous year),DADRA AND NAGAR HAVELI,5.517452896464707,7.307872780763706,248
2020,Persistence (previous year),DAMAN AND DIU,4.276666119016055,6.439350371100098,71
2020,Persistence (previous year),DELHI,7.146772179452637,8.532672762264625,1269
2020,Persistence (previous year),GOA,5.932245187448011,6.900730664045173,376
2020,Persistence (previous year),GUJARAT,7.355641102974253,9.810275170813949,1564
2020,Persistence (previous year),HARYANA,7.228388451573604,7.0967213784947605,1377
2020,Persistence (previous year),HIMACHAL PRADESH,3.091042453358316,5.84354441703136,21
2020,Persistence (previous year),JAMMU AND KASHMIR,3.9889840465642745,6.0867747269123065,53
2020,Persistence (previous year),JHARKHAND,4.382026634673881,6.716594773520978,79
2020,Persistence (previous year),KARNATAKA,8.249052274171293,9.74020362461931,3823
2020,Persistence (previous year),KERALA,8.389359819906353,8.445267451844648,4399
2020,Persistence (previous year),LAKSHADWEEP,0.0,0.0,0
2020,Persistence (previous year),MADHYA PRADESH,6.693323668269949,8.340456012916183,806
2020,Persistence (previous year),MAHARASHTRA,8.118802996980035,9.60965326059915,3356
2020,Persistence (previous year),MANIPUR,3.6375861597263857,5.886104031450156,37
2020,Persistence (previous year),MEGHALAYA,1.6094379124341003,4.418840607796598,4
2020,Persistence (previous year),MIZORAM,4.219507705176107,3.7612001156935624,67
2020,Persistence (previous year),NAGALAND,0.6931471805599453,2.1972245773362196,1
2020,Persistence (previous year),ODISHA,6.208590026096629,8.231908243564177,496
2020,Persistence (previous year),PUDUCHERRY,6.452048954437226,7.616283561580385,633
2020,Persistence (previous year),PUNJAB,9.040263541598666,9.238927828828094,8435
2020,Persistence (previous year),RAJASTHAN,7.6128310304073565,9.525661930231381,2023
2020,Persistence (previous year),SIKKIM,2.4849066497880004,6.09807428216624,11
2020,Persistence (previous year),TAMIL NADU,7.787796878181171,9.051110146405625,2410
2020,Persistence (previous year),TELANGANA,7.684324067681155,9.497922439427631,2173
2020,Persistence (previous year),TRIPURA,3.2188758248682006,4.74493212836325,24
2020,Persistence (previous year),UTTAR PRADESH,8.22040309993373,9.264639145383562,3715
2020,Persistence (previous year),UTTARAKHAND,4.343805421853684,9.270776740780013,76
2020,State climatology (training mean),ANDAMAN AND NICOBAR,4.59511985013459,4.373658385003365,98
2020,State climatology (training mean),ANDHRA PRADESH,6.8308742346461795,8.464143970326422,925
2020,State climatology (training mean),ARUNACHAL PRADESH,0.6931471805599453,3.8781214537524646,1
2020,State climatology (training mean),ASSAM,3.5263605246161616,7.493502829265387,33
2020,State climatology (training mean),BIHAR,6.202535517187923,8.18041424109652,493
2020,State climatology (training mean),CHANDIGARH,5.583496308781699,6.348556070931931,265
2020,State climatology (training mean),CHHATTISGARH,4.060443010546419,7.155396301896734,57
2020,State climatology (training mean),DADRA AND NAGAR HAVELI,5.517452896464707,7.2081067545345805,248
2020,State climatology (training mean),DAMAN AND DIU,4.276666119016055,5.646624060816253,71
2020,State climatology (training mean),DELHI,7.146772179452637,8.876591091409619,1269
2020,State climatology (training mean),GOA,5.932245187448011,6.257028814306143,376
2020,State climatology (training mean),GUJARAT,7.355641102974253,9.228638600257558,1564
2020,State climatology (training mean),HARYANA,7.228388451573604,7.84489384336913,1377
2020,State climatology (training mean),HIMACHAL PRADESH,3.091042453358316,7.508604405395716,21
2020,State climatology (training mean),JAMMU AND KASHMIR,3.9889840465642745,5.943673883271633,53
2020,State climatology (training mean),JHARKHAND,4.382026634673881,6.502790045915623,79
2020,State climatology (training mean),KARNATAKA,8.249052274171293,9.479349179162343,3823
2020,State climatology (training mean),KERALA,8.389359819906353,9.167154474526583,4399
2020,State climatology (training mean),LAKSHADWEEP,0.0,0.0,0
2020,State climatology (training mean),MADHYA PRADESH,6.693323668269949,8.239593454305968,806
2020,State climatology (training mean),MAHARASHTRA,8.118802996980035,9.328123407632566,3356
2020,State climatology (training mean),MANIPUR,3.6375861597263857,5.245268145458221,37
2020,State climatology (training mean),MEGHALAYA,1.6094379124341003,4.099884742597716,4
2020,State climatology (training mean),MIZORAM,4.219507705176107,4.418840607796598,67
2020,State climatology (training mean),NAGALAND,0.6931471805599453,5.503975603521227,1
2020,State climatology (training mean),ODISHA,6.208590026096629,8.383052089147036,496
2020,State climatology (training mean),PUDUCHERRY,6.452048954437226,7.782251321199246,633
2020,State climatology (training mean),PUNJAB,9.040263541598666,9.514633710233161,8435
2020,State climatology (training mean),RAJASTHAN,7.6128310304073565,9.266184960162093,2023
2020,State climatology (training mean),SIKKIM,2.4849066497880004,5.885177676590025,11
2020,State climatology (training mean),TAMIL NADU,7.787796878181171,9.401236175740271,2410
2020,State climatology (training mean),TELANGANA,7.684324067681155,8.957381735582787,2173
2020,State climatology (training mean),TRIPURA,3.2188758248682006,4.742029368705289,24
2020,State climatology (training mean),UTTAR PRADESH,8.22040309993373,8.670257567143075,3715
2020,State climatology (training mean),UTTARAKHAND,4.343805421853684,8.307541546950327,76
2020,Global annual mean,ANDAMAN AND NICOBAR,4.59511985013459,8.268162683614465,98
2020,Global annual mean,ANDHRA PRADESH,6.8308742346461795,8.268162683614465,925
2020,Global annual mean,ARUNACHAL PRADESH,0.6931471805599453,8.268162683614465,1
2020,Global annual mean,ASSAM,3.5263605246161616,8.268162683614465,33
2020,Global annual mean,BIHAR,6.202535517187923,8.268162683614465,493
2020,Global annual mean,CHANDIGARH,5.583496308781699,8.268162683614465,265
2020,Global annual mean,CHHATTISGARH,4.060443010546419,8.268162683614465,57
2020,Global annual mean,DADRA AND NAGAR HAVELI,5.517452896464707,8.268162683614465,248
2020,Global annual mean,DAMAN AND DIU,4.276666119016055,8.268162683614465,71
2020,Global annual mean,DELHI,7.146772179452637,8.268162683614465,1269
2020,Global annual mean,GOA,5.932245187448011,8.268162683614465,376
2020,Global annual mean,GUJARAT,7.355641102974253,8.268162683614465,1564
2020,Global annual mean,HARYANA,7.228388451573604,8.268162683614465,1377
2020,Global annual mean,HIMACHAL PRADESH,3.091042453358316,8.268162683614465,21
2020,Global annual mean,JAMMU AND KASHMIR,3.9889840465642745,8.268162683614465,53
2020,Global annual mean,JHARKHAND,4.382026634673881,8.268162683614465,79
2020,Global annual mean,KARNATAKA,8.249052274171293,8.268162683614465,3823
2020,Global annual mean,KERALA,8.389359819906353,8.268162683614465,4399
2020,Global annual mean,LAKSHADWEEP,0.0,8.268162683614465,0
2020,Global annual mean,MADHYA PRADESH,6.693323668269949,8.268162683614465,806
2020,Global annual mean,MAHARASHTRA,8.118802996980035,8.268162683614465,3356
2020,Global annual mean,MANIPUR,3.6375861597263857,8.268162683614465,37
2020,Global annual mean,MEGHALAYA,1.6094379124341003,8.268162683614465,4
2020,Global annual mean,MIZORAM,4.219507705176107,8.268162683614465,67
2020,Global annual mean,NAGALAND,0.6931471805599453,8.268162683614465,1
2020,Global annual mean,ODISHA,6.208590026096629,8.268162683614465,496
2020,Global annual mean,PUDUCHERRY,6.452048954437226,8.268162683614465,633
2020,Global annual mean,PUNJAB,9.040263541598666,8.268162683614465,8435
2020,Global annual mean,RAJASTHAN,7.6128310304073565,8.268162683614465,2023
2020,Global annual mean,SIKKIM,2.4849066497880004,8.268162683614465,11
2020,Global annual mean,TAMIL NADU,7.787796878181171,8.268162683614465,2410
2020,Global annual mean,TELANGANA,7.684324067681155,8.268162683614465,2173
2020,Global annual mean,TRIPURA,3.2188758248682006,8.268162683614465,24
2020,Global annual mean,UTTAR PRADESH,8.22040309993373,8.268162683614465,3715
2020,Global annual mean,UTTARAKHAND,4.343805421853684,8.268162683614465,76
2020,Negative-binomial GLM (history),ANDAMAN AND NICOBAR,4.59511985013459,4.14260765260817,98
2020,Negative-binomial GLM (history),ANDHRA PRADESH,6.8308742346461795,9.801784118029056,925
2020,Negative-binomial GLM (history),ARUNACHAL PRADESH,0.6931471805599453,4.896823938446142,1
2020,Negative-binomial GLM (history),ASSAM,3.5263605246161616,8.732335891549543,33
2020,Negative-binomial GLM (history),BIHAR,6.202535517187923,10.449216794511123,493
2020,Negative-binomial GLM (history),CHANDIGARH,5.583496308781699,5.456122739155135,265
2020,Negative-binomial GLM (history),CHHATTISGARH,4.060443010546419,9.016674399874292,57
2020,Negative-binomial GLM (history),DADRA AND NAGAR HAVELI,5.517452896464707,4.996193954058757,248
2020,Negative-binomial GLM (history),DAMAN AND DIU,4.276666119016055,8.348589438927487,71
2020,Negative-binomial GLM (history),DELHI,7.146772179452637,8.810783850152285,1269
2020,Negative-binomial GLM (history),GOA,5.932245187448011,5.830842534331088,376
2020,Negative-binomial GLM (history),GUJARAT,7.355641102974253,10.137786816736414,1564
2020,Negative-binomial GLM (history),HARYANA,7.228388451573604,8.968423507829243,1377
2020,Negative-binomial GLM (history),HIMACHAL PRADESH,3.091042453358316,7.771812374867198,21
2020,Negative-binomial GLM (history),JAMMU AND KASHMIR,3.9889840465642745,7.862538100092632,53
2020,Negative-binomial GLM (history),JHARKHAND,4.382026634673881,8.993558918246489,79
2020,Negative-binomial GLM (history),KARNATAKA,8.249052274171293,10.059858991403344,3823
2020,Negative-binomial GLM (history),KERALA,8.389359819906353,9.406248118287689,4399
2020,Negative-binomial GLM (history),LAKSHADWEEP,0.0,1.7621783580111978,0
2020,Negative-binomial GLM (history),MADHYA PRADESH,6.693323668269949,10.195712219206348,806
2020,Negative-binomial GLM (history),MAHARASHTRA,8.118802996980035,10.812489620429108,3356
2020,Negative-binomial GLM (history),MANIPUR,3.6375861597263857,5.866869452146664,37
2020,Negative-binomial GLM (history),MEGHALAYA,1.6094379124341003,6.145052582712787,4
2020,Negative-binomial GLM (history),MIZORAM,4.219507705176107,5.203884028334035,67
2020,Negative-binomial GLM (history),NAGALAND,0.6931471805599453,6.016742322296394,1
2020,Negative-binomial GLM (history),ODISHA,6.208590026096629,9.66740883284001,496
2020,Negative-binomial GLM (history),PUDUCHERRY,6.452048954437226,5.787079205401848,633
2020,Negative-binomial GLM (history),PUNJAB,9.040263541598666,9.45279773230617,8435
2020,Negative-binomial GLM (history),RAJASTHAN,7.6128310304073565,10.293475358259483,2023
2020,Negative-binomial GLM (history),SIKKIM,2.4849066497880004,4.934091625548878,11
2020,Negative-binomial GLM (history),TAMIL NADU,7.787796878181171,10.208620202293247,2410
2020,Negative-binomial GLM (history),TELANGANA,7.684324067681155,9.501906105307619,2173
2020,Negative-binomial GLM (history),TRIPURA,3.2188758248682006,6.497876856536849,24
2020,Negative-binomial GLM (history),UTTAR PRADESH,8.22040309993373,11.207814167494181,3715
2020,Negative-binomial GLM (history),UTTARAKHAND,4.343805421853684,7.945628578066098,76
2020,Negative-binomial GLM (full),ANDAMAN AND NICOBAR,4.59511985013459,4.589323391269389,98
2020,Negative-binomial GLM (full),ANDHRA PRADESH,6.8308742346461795,8.638008335905663,925
2020,Negative-binomial GLM (full),ARUNACHAL PRADESH,0.6931471805599453,3.882175704159697,1
2020,Negative-binomial GLM (full),ASSAM,3.5263605246161616,7.022547394539202,33
2020,Negative-binomial GLM (full),BIHAR,6.202535517187923,8.731878618096731,493
2020,Negative-binomial GLM (full),CHANDIGARH,5.583496308781699,6.093770043428289,265
2020,Negative-binomial GLM (full),CHHATTISGARH,4.060443010546419,7.566054382210205,57
2020,Negative-binomial GLM (full),DADRA AND NAGAR HAVELI,5.517452896464707,6.675525625045007,248
2020,Negative-binomial GLM (full),DAMAN AND DIU,4.276666119016055,7.067099486712244,71
2020,Negative-binomial GLM (full),DELHI,7.146772179452637,8.642687113984527,1269
2020,Negative-binomial GLM (full),GOA,5.932245187448011,7.227605670274757,376
2020,Negative-binomial GLM (full),GUJARAT,7.355641102974253,9.713306405728268,1564
2020,Negative-binomial GLM (full),HARYANA,7.228388451573604,8.422947103068921,1377
2020,Negative-binomial GLM (full),HIMACHAL PRADESH,3.091042453358316,8.232641467415178,21
2020,Negative-binomial GLM (full),JAMMU AND KASHMIR,3.9889840465642745,6.074987811218076,53
2020,Negative-binomial GLM (full),JHARKHAND,4.382026634673881,6.89993306287004,79
2020,Negative-binomial GLM (full),KARNATAKA,8.249052274171293,9.416895878387221,3823
2020,Negative-binomial GLM (full),KERALA,8.389359819906353,9.22952003526359,4399
2020,Negative-binomial GLM (full),LAKSHADWEEP,0.0,1.3112902428332829,0
2020,Negative-binomial GLM (full),MADHYA PRADESH,6.693323668269949,8.279584031134334,806
2020,Negative-binomial GLM (full),MAHARASHTRA,8.118802996980035,9.845869550616086,3356
2020,Negative-binomial GLM (full),MANIPUR,3.6375861597263857,5.020302374224238,37
2020,Negative-binomial GLM (full),MEGHALAYA,1.6094379124341003,4.803876074960165,4
2020,Negative-binomial GLM (full),MIZORAM,4.219507705176107,4.955817223004,67
2020,Negative-binomial GLM (full),NAGALAND,0.6931471805599453,5.059910132220339,1
2020,Negative-binomial GLM (full),ODISHA,6.208590026096629,8.590822853961539,496
2020,Negative-binomial GLM (full),PUDUCHERRY,6.452048954437226,6.871793175621807,633
2020,Negative-binomial GLM (full),PUNJAB,9.040263541598666,9.542682988203133,8435
2020,Negative-binomial GLM (full),RAJASTHAN,7.6128310304073565,8.913214693758983,2023
2020,Negative-binomial GLM (full),SIKKIM,2.4849066497880004,6.393653232204313,11
2020,Negative-binomial GLM (full),TAMIL NADU,7.787796878181171,9.314686805247163,2410
2020,Negative-binomial GLM (full),TELANGANA,7.684324067681155,9.109207520940847,2173
2020,Negative-binomial GLM (full),TRIPURA,3.2188758248682006,5.775048360260806,24
2020,Negative-binomial GLM (full),UTTAR PRADESH,8.22040309993373,9.117828990463824,3715
2020,Negative-binomial GLM (full),UTTARAKHAND,4.343805421853684,7.988872156535413,76
2020,Gradient boosting (history only),ANDAMAN AND NICOBAR,4.59511985013459,4.849812880173828,98
2020,Gradient boosting (history only),ANDHRA PRADESH,6.8308742346461795,8.748126691588649,925
2020,Gradient boosting (history only),ARUNACHAL PRADESH,0.6931471805599453,2.022260568809963,1
2020,Gradient boosting (history only),ASSAM,3.5263605246161616,4.664311975738513,33
2020,Gradient boosting (history only),BIHAR,6.202535517187923,8.112259324014412,493
2020,Gradient boosting (history only),CHANDIGARH,5.583496308781699,6.051098103304516,265
2020,Gradient boosting (history only),CHHATTISGARH,4.060443010546419,6.537307850315289,57
2020,Gradient boosting (history only),DADRA AND NAGAR HAVELI,5.517452896464707,6.691645579211118,248
2020,Gradient boosting (history only),DAMAN AND DIU,4.276666119016055,5.555251853038448,71
2020,Gradient boosting (history only),DELHI,7.146772179452637,7.6762651162300095,1269
2020,Gradient boosting (history only),GOA,5.932245187448011,6.616575158618643,376
2020,Gradient boosting (history only),GUJARAT,7.355641102974253,8.533739980901798,1564
2020,Gradient boosting (history only),HARYANA,7.228388451573604,7.8605027340283415,1377
2020,Gradient boosting (history only),HIMACHAL PRADESH,3.091042453358316,6.152251046327785,21
2020,Gradient boosting (history only),JAMMU AND KASHMIR,3.9889840465642745,7.311526178407297,53
2020,Gradient boosting (history only),JHARKHAND,4.382026634673881,6.4982656943271095,79
2020,Gradient boosting (history only),KARNATAKA,8.249052274171293,8.551604543563235,3823
2020,Gradient boosting (history only),KERALA,8.389359819906353,8.858591120571957,4399
2020,Gradient boosting (history only),LAKSHADWEEP,0.0,0.11655433112424382,0
2020,Gradient boosting (history only),MADHYA PRADESH,6.693323668269949,8.803141447600643,806
2020,Gradient boosting (history only),MAHARASHTRA,8.118802996980035,9.23073727684332,3356
2020,Gradient boosting (history only),MANIPUR,3.6375861597263857,3.923154745155265,37
2020,Gradient boosting (history only),MEGHALAYA,1.6094379124341003,4.626283871668938,4
2020,Gradient boosting (history only),MIZORAM,4.219507705176107,4.215073383770733,67
2020,Gradient boosting (history only),NAGALAND,0.6931471805599453,3.7161463025030677,1
2020,Gradient boosting (history only),ODISHA,6.208590026096629,8.463647772242114,496
2020,Gradient boosting (history only),PUDUCHERRY,6.452048954437226,6.692032607100293,633
2020,Gradient boosting (history only),PUNJAB,9.040263541598666,9.371391680133295,8435
2020,Gradient boosting (history only),RAJASTHAN,7.6128310304073565,9.371581625747726,2023
2020,Gradient boosting (history only),SIKKIM,2.4849066497880004,7.124013848946154,11
2020,Gradient boosting (history only),TAMIL NADU,7.787796878181171,8.98411460449724,2410
2020,Gradient boosting (history only),TELANGANA,7.684324067681155,8.655179693239125,2173
2020,Gradient boosting (history only),TRIPURA,3.2188758248682006,5.00961148684879,24
2020,Gradient boosting (history only),UTTAR PRADESH,8.22040309993373,8.807459678284745,3715
2020,Gradient boosting (history only),UTTARAKHAND,4.343805421853684,7.173155035519384,76
2020,Gradient boosting (multi-modal),ANDAMAN AND NICOBAR,4.59511985013459,4.340926329139086,98
2020,Gradient boosting (multi-modal),ANDHRA PRADESH,6.8308742346461795,8.46386027530429,925
2020,Gradient boosting (multi-modal),ARUNACHAL PRADESH,0.6931471805599453,0.8875775521325612,1
2020,Gradient boosting (multi-modal),ASSAM,3.5263605246161616,5.107417864677468,33
2020,Gradient boosting (multi-modal),BIHAR,6.202535517187923,8.597610399564598,493
2020,Gradient boosting (multi-modal),CHANDIGARH,5.583496308781699,5.5900803511387185,265
2020,Gradient boosting (multi-modal),CHHATTISGARH,4.060443010546419,6.919149218081883,57
2020,Gradient boosting (multi-modal),DADRA AND NAGAR HAVELI,5.517452896464707,6.588790948432366,248
2020,Gradient boosting (multi-modal),DAMAN AND DIU,4.276666119016055,6.1033527574838,71
2020,Gradient boosting (multi-modal),DELHI,7.146772179452637,8.122436337255628,1269
2020,Gradient boosting (multi-modal),GOA,5.932245187448011,6.786076042317259,376
2020,Gradient boosting (multi-modal),GUJARAT,7.355641102974253,8.636739763341332,1564
2020,Gradient boosting (multi-modal),HARYANA,7.228388451573604,7.605193348810287,1377
2020,Gradient boosting (multi-modal),HIMACHAL PRADESH,3.091042453358316,6.920638401339107,21
2020,Gradient boosting (multi-modal),JAMMU AND KASHMIR,3.9889840465642745,6.938381946532617,53
2020,Gradient boosting (multi-modal),JHARKHAND,4.382026634673881,6.506361687159225,79
2020,Gradient boosting (multi-modal),KARNATAKA,8.249052274171293,8.69422088834487,3823
2020,Gradient boosting (multi-modal),KERALA,8.389359819906353,8.747065931915422,4399
2020,Gradient boosting (multi-modal),LAKSHADWEEP,0.0,0.10397165215584263,0
2020,Gradient boosting (multi-modal),MADHYA PRADESH,6.693323668269949,8.670361960234095,806
2020,Gradient boosting (multi-modal),MAHARASHTRA,8.118802996980035,9.166240692901427,3356
2020,Gradient boosting (multi-modal),MANIPUR,3.6375861597263857,3.3713889840423517,37
2020,Gradient boosting (multi-modal),MEGHALAYA,1.6094379124341003,4.585287745175573,4
2020,Gradient boosting (multi-modal),MIZORAM,4.219507705176107,4.114547260457532,67
2020,Gradient boosting (multi-modal),NAGALAND,0.6931471805599453,4.565634846871268,1
2020,Gradient boosting (multi-modal),ODISHA,6.208590026096629,8.386283253985896,496
2020,Gradient boosting (multi-modal),PUDUCHERRY,6.452048954437226,7.001209172675972,633
2020,Gradient boosting (multi-modal),PUNJAB,9.040263541598666,9.398679466825511,8435
2020,Gradient boosting (multi-modal),RAJASTHAN,7.6128310304073565,9.063224498256693,2023
2020,Gradient boosting (multi-modal),SIKKIM,2.4849066497880004,6.451415472121679,11
2020,Gradient boosting (multi-modal),TAMIL NADU,7.787796878181171,9.227548010830185,2410
2020,Gradient boosting (multi-modal),TELANGANA,7.684324067681155,8.986391845775698,2173
2020,Gradient boosting (multi-modal),TRIPURA,3.2188758248682006,4.850151445801518,24
2020,Gradient boosting (multi-modal),UTTAR PRADESH,8.22040309993373,8.595469142160574,3715
2020,Gradient boosting (multi-modal),UTTARAKHAND,4.343805421853684,7.101107929868002,76
2021,Persistence (previous year),ANDAMAN AND NICOBAR,5.170483995038151,4.59511985013459,175
2021,Persistence (previous year),ANDHRA PRADESH,8.46821300919452,6.8308742346461795,4760
2021,Persistence (previous year),ARUNACHAL PRADESH,2.0794415416798357,0.6931471805599453,7
2021,Persistence (previous year),ASSAM,4.6443908991413725,3.5263605246161616,103
2021,Persistence (previous year),BIHAR,6.452048954437226,6.202535517187923,633
2021,Persistence (previous year),CHANDIGARH,7.3758821482150125,5.583496308781699,1596
2021,Persistence (previous year),CHHATTISGARH,6.99117688712121,4.060443010546419,1086
2021,Persistence (previous year),DADRA AND NAGAR HAVELI,6.306275286948016,5.517452896464707,547
2021,Persistence (previous year),DAMAN AND DIU,5.634789603169249,4.276666119016055,279
2021,Persistence (previous year),DELHI,9.479603858903946,7.146772179452637,13089
2021,Persistence (previous year),GOA,6.476972362889683,5.932245187448011,649
2021,Persistence (previous year),GUJARAT,9.304194947447806,7.355641102974253,10983
2021,Persistence (previous year),HARYANA,9.3789010135201,7.228388451573604,11835
2021,Persistence (previous year),HIMACHAL PRADESH,5.857933154483459,3.091042453358316,349
2021,Persistence (previous year),JAMMU AND KASHMIR,7.444248649496705,3.9889840465642745,1709
2021,Persistence (previous year),JHARKHAND,5.3981627015177525,4.382026634673881,220
2021,Persistence (previous year),KARNATAKA,8.908424139496578,8.249052274171293,7393
2021,Persistence (previous year),KERALA,8.087025470667701,8.389359819906353,3251
2021,Persistence (previous year),LAKSHADWEEP,0.6931471805599453,0.0,1
2021,Persistence (previous year),MADHYA PRADESH,9.654577374584886,6.693323668269949,15592
2021,Persistence (previous year),MAHARASHTRA,9.45100945015621,8.118802996980035,12720
2021,Persistence (previous year),MANIPUR,5.318119993844216,3.6375861597263857,203
2021,Persistence (previous year),MEGHALAYA,4.867534450455582,1.6094379124341003,129
2021,Persistence (previous year),MIZORAM,4.430816798843313,4.219507705176107,83
2021,Persistence (previous year),NAGALAND,3.2188758248682006,0.6931471805599453,24
2021,Persistence (previous year),ODISHA,8.929170383139624,6.208590026096629,7548
2021,Persistence (previous year),PUDUCHERRY,7.3938782901077555,6.452048954437226,1625
2021,Persistence (previous year),PUNJAB,10.060063859578225,9.040263541598666,23389
2021,Persistence (previous year),RAJASTHAN,9.940301525658844,7.6128310304073565,20749
2021,Persistence (previous year),SIKKIM,5.497168225293202,2.4849066497880004,243
2021,Persistence (previous year),TAMIL NADU,8.706159290928861,7.787796878181171,6039
2021,Persistence (previous year),TELANGANA,8.872907674259846,7.684324067681155,7135
2021,Persistence (previous year),TRIPURA,5.857933154483459,3.2188758248682006,349
2021,Persistence (previous year),UTTAR PRADESH,10.300618023854234,8.22040309993373,29750
2021,Persistence (previous year),UTTARAKHAND,6.6052979209482015,4.343805421853684,738
2021,State climatology (training mean),ANDAMAN AND NICOBAR,5.170483995038151,4.433788569232471,175
2021,State climatology (training mean),ANDHRA PRADESH,8.46821300919452,8.239527454239944,4760
2021,State climatology (training mean),ARUNACHAL PRADESH,2.0794415416798357,3.6041382256588457,7
2021,State climatology (training mean),ASSAM,4.6443908991413725,7.21211008572117,103
2021,State climatology (training mean),BIHAR,6.452048954437226,7.937821025115137,633
2021,State climatology (training mean),CHANDIGARH,7.3758821482150125,6.20506268557866,1596
2021,State climatology (training mean),CHHATTISGARH,6.99117688712121,6.882693848386766,1086
2021,State climatology (training mean),DADRA AND NAGAR HAVELI,6.306275286948016,6.980075940561763,547
2021,State climatology (training mean),DAMAN AND DIU,5.634789603169249,5.440250862436703,279
2021,State climatology (training mean),DELHI,9.479603858903946,8.646333708239329,13089
2021,State climatology (training mean),GOA,6.476972362889683,6.18517928773138,649
2021,State climatology (training mean),GUJARAT,9.304194947447806,8.990908673205846,10983
2021,State climatology (training mean),HARYANA,9.3789010135201,7.7226775164680035,11835
2021,State climatology (training mean),HIMACHAL PRADESH,5.857933154483459,7.22493547222273,349
2021,State climatology (training mean),JAMMU AND KASHMIR,7.444248649496705,5.702114417555504,1709
2021,State climatology (training mean),JHARKHAND,5.3981627015177525,6.254309465273744,220
2021,State climatology (training mean),KARNATAKA,8.908424139496578,9.28461261635077,7393
2021,State climatology (training mean),KERALA,8.087025470667701,9.021960500598263,3251
2021,State climatology (training mean),LAKSHADWEEP,0.6931471805599453,0.0,1
2021,State climatology (training mean),MADHYA PRADESH,9.654577374584886,8.020516990754667,15592
2021,State climatology (training mean),MAHARASHTRA,9.45100945015621,9.135266548923228,12720
2021,State climatology (training mean),MANIPUR,5.318119993844216,5.022234429939608,203
2021,State climatology (training mean),MEGHALAYA,4.867534450455582,3.8394523125933104,129
2021,State climatology (training mean),MIZORAM,4.430816798843313,4.37260741275739,83
2021,State climatology (training mean),NAGALAND,3.2188758248682006,5.2190035598283115,24
2021,State climatology (training mean),ODISHA,8.929170383139624,8.132559592888006,7548
2021,State climatology (training mean),PUDUCHERRY,7.3938782901077555,7.579040212684948,1625
2021,State climatology (training mean),PUNJAB,10.060063859578225,9.415442144789628,23389
2021,State climatology (training mean),RAJASTHAN,9.940301525658844,9.040352442341044,20749
2021,State climatology (training mean),SIKKIM,5.497168225293202,5.60855562471318,243
2021,State climatology (training mean),TAMIL NADU,8.706159290928861,9.177843006383407,6039
2021,State climatology (training mean),TELANGANA,8.872907674259846,8.758922944206127,7135
2021,State climatology (training mean),TRIPURA,5.857933154483459,4.524502282920636,349
2021,State climatology (training mean),UTTAR PRADESH,10.300618023854234,8.575320580092846,29750
2021,State climatology (training mean),UTTARAKHAND,6.6052979209482015,8.026170194946426,738
2021,Global annual mean,ANDAMAN AND NICOBAR,5.170483995038151,8.072514170131672,175
2021,Global annual mean,ANDHRA PRADESH,8.46821300919452,8.072514170131672,4760
2021,Global annual mean,ARUNACHAL PRADESH,2.0794415416798357,8.072514170131672,7
2021,Global annual mean,ASSAM,4.6443908991413725,8.072514170131672,103
2021,Global annual mean,BIHAR,6.452048954437226,8.072514170131672,633
2021,Global annual mean,CHANDIGARH,7.3758821482150125,8.072514170131672,1596
2021,Global annual mean,CHHATTISGARH,6.99117688712121,8.072514170131672,1086
2021,Global annual mean,DADRA AND NAGAR HAVELI,6.306275286948016,8.072514170131672,547
2021,Global annual mean,DAMAN AND DIU,5.634789603169249,8.072514170131672,279
2021,Global annual mean,DELHI,9.479603858903946,8.072514170131672,13089
2021,Global annual mean,GOA,6.476972362889683,8.072514170131672,649
2021,Global annual mean,GUJARAT,9.304194947447806,8.072514170131672,10983
2021,Global annual mean,HARYANA,9.3789010135201,8.072514170131672,11835
2021,Global annual mean,HIMACHAL PRADESH,5.857933154483459,8.072514170131672,349
2021,Global annual mean,JAMMU AND KASHMIR,7.444248649496705,8.072514170131672,1709
2021,Global annual mean,JHARKHAND,5.3981627015177525,8.072514170131672,220
2021,Global annual mean,KARNATAKA,8.908424139496578,8.072514170131672,7393
2021,Global annual mean,KERALA,8.087025470667701,8.072514170131672,3251
2021,Global annual mean,LAKSHADWEEP,0.6931471805599453,8.072514170131672,1
2021,Global annual mean,MADHYA PRADESH,9.654577374584886,8.072514170131672,15592
2021,Global annual mean,MAHARASHTRA,9.45100945015621,8.072514170131672,12720
2021,Global annual mean,MANIPUR,5.318119993844216,8.072514170131672,203
2021,Global annual mean,MEGHALAYA,4.867534450455582,8.072514170131672,129
2021,Global annual mean,MIZORAM,4.430816798843313,8.072514170131672,83
2021,Global annual mean,NAGALAND,3.2188758248682006,8.072514170131672,24
2021,Global annual mean,ODISHA,8.929170383139624,8.072514170131672,7548
2021,Global annual mean,PUDUCHERRY,7.3938782901077555,8.072514170131672,1625
2021,Global annual mean,PUNJAB,10.060063859578225,8.072514170131672,23389
2021,Global annual mean,RAJASTHAN,9.940301525658844,8.072514170131672,20749
2021,Global annual mean,SIKKIM,5.497168225293202,8.072514170131672,243
2021,Global annual mean,TAMIL NADU,8.706159290928861,8.072514170131672,6039
2021,Global annual mean,TELANGANA,8.872907674259846,8.072514170131672,7135
2021,Global annual mean,TRIPURA,5.857933154483459,8.072514170131672,349
2021,Global annual mean,UTTAR PRADESH,10.300618023854234,8.072514170131672,29750
2021,Global annual mean,UTTARAKHAND,6.6052979209482015,8.072514170131672,738
2021,Negative-binomial GLM (history),ANDAMAN AND NICOBAR,5.170483995038151,4.182260315543585,175
2021,Negative-binomial GLM (history),ANDHRA PRADESH,8.46821300919452,9.651335960577944,4760
2021,Negative-binomial GLM (history),ARUNACHAL PRADESH,2.0794415416798357,5.457144307315674,7
2021,Negative-binomial GLM (history),ASSAM,4.6443908991413725,8.617009954045116,103
2021,Negative-binomial GLM (history),BIHAR,6.452048954437226,10.44643486722115,633
2021,Negative-binomial GLM (history),CHANDIGARH,7.3758821482150125,5.277798435833042,1596
2021,Negative-binomial GLM (history),CHHATTISGARH,6.99117688712121,8.653250800147578,1086
2021,Negative-binomial GLM (history),DADRA AND NAGAR HAVELI,6.306275286948016,5.000461600197582,547
2021,Negative-binomial GLM (history),DAMAN AND DIU,5.634789603169249,8.409653008545408,279
2021,Negative-binomial GLM (history),DELHI,9.479603858903946,8.556731289748107,13089
2021,Negative-binomial GLM (history),GOA,6.476972362889683,5.82697658258322,649
2021,Negative-binomial GLM (history),GUJARAT,9.304194947447806,10.074157365490517,10983
2021,Negative-binomial GLM (history),HARYANA,9.3789010135201,8.698654979769167,11835
2021,Negative-binomial GLM (history),HIMACHAL PRADESH,5.857933154483459,7.214293801392758,349
2021,Negative-binomial GLM (history),JAMMU AND KASHMIR,7.444248649496705,7.82783957187122,1709
2021,Negative-binomial GLM (history),JHARKHAND,5.3981627015177525,8.929484907101275,220
2021,Negative-binomial GLM (history),KARNATAKA,8.908424139496578,10.059638332818412,7393
2021,Negative-binomial GLM (history),KERALA,8.087025470667701,9.21139947972834,3251
2021,Negative-binomial GLM (history),LAKSHADWEEP,0.6931471805599453,1.6954080086121017,1
2021,Negative-binomial GLM (history),MADHYA PRADESH,9.654577374584886,9.991414476068291,15592
2021,Negative-binomial GLM (history),MAHARASHTRA,9.45100945015621,10.646328512049994,12720
2021,Negative-binomial GLM (history),MANIPUR,5.318119993844216,6.233728510082187,203
2021,Negative-binomial GLM (history),MEGHALAYA,4.867534450455582,6.130058804682465,129
2021,Negative-binomial GLM (history),MIZORAM,4.430816798843313,4.981200414874012,83
2021,Negative-binomial GLM (history),NAGALAND,3.2188758248682006,5.323723784681319,24
2021,Negative-binomial GLM (history),ODISHA,8.929170383139624,9.429433780778561,7548
2021,Negative-binomial GLM (history),PUDUCHERRY,7.3938782901077555,5.798146881901522,1625
2021,Negative-binomial GLM (history),PUNJAB,10.060063859578225,9.16553265460926,23389
2021,Negative-binomial GLM (history),RAJASTHAN,9.940301525658844,10.143204031514708,20749
2021,Negative-binomial GLM (history),SIKKIM,5.497168225293202,4.857591005222628,243
2021,Negative-binomial GLM (history),TAMIL NADU,8.706159290928861,10.103049997411953,6039
2021,Negative-binomial GLM (history),TELANGANA,8.872907674259846,9.464981551782193,7135
2021,Negative-binomial GLM (history),TRIPURA,5.857933154483459,6.382495167179701,349
2021,Negative-binomial GLM (history),UTTAR PRADESH,10.300618023854234,11.155817702473042,29750
2021,Negative-binomial GLM (history),UTTARAKHAND,6.6052979209482015,8.223854546703963,738
2021,Negative-binomial GLM (full),ANDAMAN AND NICOBAR,5.170483995038151,4.69450068528687,175
2021,Negative-binomial GLM (full),ANDHRA PRADESH,8.46821300919452,8.186072771197166,4760
2021,Negative-binomial GLM (full),ARUNACHAL PRADESH,2.0794415416798357,4.244922034234922,7
2021,Negative-binomial GLM (full),ASSAM,4.6443908991413725,6.519285407305383,103
2021,Negative-binomial GLM (full),BIHAR,6.452048954437226,8.385911802785762,633
2021,Negative-binomial GLM (full),CHANDIGARH,7.3758821482150125,5.890694500972915,1596
2021,Negative-binomial GLM (full),CHHATTISGARH,6.99117688712121,6.502763337057262,1086
2021,Negative-binomial GLM (full),DADRA AND NAGAR HAVELI,6.306275286948016,6.540217652644374,547
2021,Negative-binomial GLM (full),DAMAN AND DIU,5.634789603169249,6.892917920109975,279
2021,Negative-binomial GLM (full),DELHI,9.479603858903946,8.107488759502038,13089
2021,Negative-binomial GLM (full),GOA,6.476972362889683,7.2416523998833835,649
2021,Negative-binomial GLM (full),GUJARAT,9.304194947447806,9.361016077351124,10983
2021,Negative-binomial GLM (full),HARYANA,9.3789010135201,8.083787174133318,11835
2021,Negative-binomial GLM (full),HIMACHAL PRADESH,5.857933154483459,6.695657741192669,349
2021,Negative-binomial GLM (full),JAMMU AND KASHMIR,7.444248649496705,5.7114363647122905,1709
2021,Negative-binomial GLM (full),JHARKHAND,5.3981627015177525,6.430445593736191,220
2021,Negative-binomial GLM (full),KARNATAKA,8.908424139496578,9.381950039375083,7393
2021,Negative-binomial GLM (full),KERALA,8.087025470667701,9.09452100589179,3251
2021,Negative-binomial GLM (full),LAKSHADWEEP,0.6931471805599453,1.2289391187549923,1
2021,Negative-binomial GLM (full),MADHYA PRADESH,9.654577374584886,7.7486521760504905,15592
2021,Negative-binomial GLM (full),MAHARASHTRA,9.45100945015621,9.497989942221501,12720
2021,Negative-binomial GLM (full),MANIPUR,5.318119993844216,5.412748646791548,203
2021,Negative-binomial GLM (full),MEGHALAYA,4.867534450455582,4.2772507618957585,129
2021,Negative-binomial GLM (full),MIZORAM,4.430816798843313,4.738707750888414,83
2021,Negative-binomial GLM (full),NAGALAND,3.2188758248682006,3.467388409119517,24
2021,Negative-binomial GLM (full),ODISHA,8.929170383139624,7.899958948439071,7548
2021,Negative-binomial GLM (full),PUDUCHERRY,7.3938782901077555,6.906468913673843,1625
2021,Negative-binomial GLM (full),PUNJAB,10.060063859578225,9.19392013418732,23389
2021,Negative-binomial GLM (full),RAJASTHAN,9.940301525658844,8.460751281859341,20749
2021,Negative-binomial GLM (full),SIKKIM,5.497168225293202,5.662784261727981,243
2021,Negative-binomial GLM (full),TAMIL NADU,8.706159290928861,9.130912725619549,6039
2021,Negative-binomial GLM (full),TELANGANA,8.872907674259846,8.933155041815107,7135
2021,Negative-binomial GLM (full),TRIPURA,5.857933154483459,5.298189894676466,349
2021,Negative-binomial GLM (full),UTTAR PRADESH,10.300618023854234,9.00693775570038,29750
2021,Negative-binomial GLM (full),UTTARAKHAND,6.6052979209482015,7.759975538458839,738
2021,Gradient boosting (history only),ANDAMAN AND NICOBAR,5.170483995038151,4.316291833616728,175
2021,Gradient boosting (history only),ANDHRA PRADESH,8.46821300919452,7.809281736581411,4760
2021,Gradient boosting (history only),ARUNACHAL PRADESH,2.0794415416798357,1.6597927792020626,7
2021,Gradient boosting (history only),ASSAM,4.6443908991413725,4.014162651725488,103
2021,Gradient boosting (history only),BIHAR,6.452048954437226,5.016678653622454,633
2021,Gradient boosting (history only),CHANDIGARH,7.3758821482150125,5.297830488243693,1596
2021,Gradient boosting (history only),CHHATTISGARH,6.99117688712121,5.613878559145988,1086
2021,Gradient boosting (history only),DADRA AND NAGAR HAVELI,6.306275286948016,6.40355683387055,547
2021,Gradient boosting (history only),DAMAN AND DIU,5.634789603169249,5.156038097264223,279
2021,Gradient boosting (history only),DELHI,9.479603858903946,7.857836210311389,13089
2021,Gradient boosting (history only),GOA,6.476972362889683,5.6748975054968955,649
2021,Gradient boosting (history only),GUJARAT,9.304194947447806,8.919186805945493,10983
2021,Gradient boosting (history only),HARYANA,9.3789010135201,7.134945750851883,11835
2021,Gradient boosting (history only),HIMACHAL PRADESH,5.857933154483459,2.997783621649682,349
2021,Gradient boosting (history only),JAMMU AND KASHMIR,7.444248649496705,4.563044050101209,1709
2021,Gradient boosting (history only),JHARKHAND,5.3981627015177525,6.099851790194894,220
2021,Gradient boosting (history only),KARNATAKA,8.908424139496578,8.662861420715641,7393
2021,Gradient boosting (history only),KERALA,8.087025470667701,8.459804909573576,3251
2021,Gradient boosting (history only),LAKSHADWEEP,0.6931471805599453,0.14406445207044893,1
2021,Gradient boosting (history only),MADHYA PRADESH,9.654577374584886,6.790280501750486,15592
2021,Gradient boosting (history only),MAHARASHTRA,9.45100945015621,8.504675021040008,12720
2021,Gradient boosting (history only),MANIPUR,5.318119993844216,5.51016047482821,203
2021,Gradient boosting (history only),MEGHALAYA,4.867534450455582,2.412959327939372,129
2021,Gradient boosting (history only),MIZORAM,4.430816798843313,3.783353879696612,83
2021,Gradient boosting (history only),NAGALAND,3.2188758248682006,0.40781283276499297,24
2021,Gradient boosting (history only),ODISHA,8.929170383139624,7.477450979704533,7548
2021,Gradient boosting (history only),PUDUCHERRY,7.3938782901077555,7.0856519549695065,1625
2021,Gradient boosting (history only),PUNJAB,10.060063859578225,9.058649865345226,23389
2021,Gradient boosting (history only),RAJASTHAN,9.940301525658844,8.293674167609161,20749
2021,Gradient boosting (history only),SIKKIM,5.497168225293202,1.7025480937208513,243
2021,Gradient boosting (history only),TAMIL NADU,8.706159290928861,8.442459668508373,6039
2021,Gradient boosting (history only),TELANGANA,8.872907674259846,8.577861100328832,7135
2021,Gradient boosting (history only),TRIPURA,5.857933154483459,4.076389978202348,349
2021,Gradient boosting (history only),UTTAR PRADESH,10.300618023854234,8.389970840318016,29750
2021,Gradient boosting (history only),UTTARAKHAND,6.6052979209482015,3.3140638457169582,738
2021,Gradient boosting (multi-modal),ANDAMAN AND NICOBAR,5.170483995038151,3.6768053099203954,175
2021,Gradient boosting (multi-modal),ANDHRA PRADESH,8.46821300919452,7.962418211197243,4760
2021,Gradient boosting (multi-modal),ARUNACHAL PRADESH,2.0794415416798357,2.4439453956260913,7
2021,Gradient boosting (multi-modal),ASSAM,4.6443908991413725,4.391678146741701,103
2021,Gradient boosting (multi-modal),BIHAR,6.452048954437226,5.798700648833715,633
2021,Gradient boosting (multi-modal),CHANDIGARH,7.3758821482150125,5.360816080126931,1596
2021,Gradient boosting (multi-modal),CHHATTISGARH,6.99117688712121,5.851223539324035,1086
2021,Gradient boosting (multi-modal),DADRA AND NAGAR HAVELI,6.306275286948016,6.138383196470727,547
2021,Gradient boosting (multi-modal),DAMAN AND DIU,5.634789603169249,5.768298560263707,279
2021,Gradient boosting (multi-modal),DELHI,9.479603858903946,8.039502040423525,13089
2021,Gradient boosting (multi-modal),GOA,6.476972362889683,6.633575783437223,649
2021,Gradient boosting (multi-modal),GUJARAT,9.304194947447806,8.564038165891267,10983
2021,Gradient boosting (multi-modal),HARYANA,9.3789010135201,7.308969678759093,11835
2021,Gradient boosting (multi-modal),HIMACHAL PRADESH,5.857933154483459,2.9192285165374314,349
2021,Gradient boosting (multi-modal),JAMMU AND KASHMIR,7.444248649496705,4.740365287354914,1709
2021,Gradient boosting (multi-modal),JHARKHAND,5.3981627015177525,6.839926916370623,220
2021,Gradient boosting (multi-modal),KARNATAKA,8.908424139496578,9.301638759341476,7393
2021,Gradient boosting (multi-modal),KERALA,8.087025470667701,8.522304188242666,3251
2021,Gradient boosting (multi-modal),LAKSHADWEEP,0.6931471805599453,0.09915399460497377,1
2021,Gradient boosting (multi-modal),MADHYA PRADESH,9.654577374584886,7.48113551076869,15592
2021,Gradient boosting (multi-modal),MAHARASHTRA,9.45100945015621,9.265344611168443,12720
2021,Gradient boosting (multi-modal),MANIPUR,5.318119993844216,5.419235722471427,203
2021,Gradient boosting (multi-modal),MEGHALAYA,4.867534450455582,2.6361421004272576,129
2021,Gradient boosting (multi-modal),MIZORAM,4.430816798843313,4.093825483915783,83
2021,Gradient boosting (multi-modal),NAGALAND,3.2188758248682006,1.3015373252094042,24
2021,Gradient boosting (multi-modal),ODISHA,8.929170383139624,7.444343640703831,7548
2021,Gradient boosting (multi-modal),PUDUCHERRY,7.3938782901077555,7.604288272117534,1625
2021,Gradient boosting (multi-modal),PUNJAB,10.060063859578225,9.263257910686631,23389
2021,Gradient boosting (multi-modal),RAJASTHAN,9.940301525658844,8.644635417254532,20749
2021,Gradient boosting (multi-modal),SIKKIM,5.497168225293202,3.589174819532209,243
2021,Gradient boosting (multi-modal),TAMIL NADU,8.706159290928861,9.039777473446405,6039
2021,Gradient boosting (multi-modal),TELANGANA,8.872907674259846,8.90375547564658,7135
2021,Gradient boosting (multi-modal),TRIPURA,5.857933154483459,4.545769337977768,349
2021,Gradient boosting (multi-modal),UTTAR PRADESH,10.300618023854234,8.703796804509139,29750
2021,Gradient boosting (multi-modal),UTTARAKHAND,6.6052979209482015,4.853403050631298,738
2022,Persistence (previous year),ANDAMAN AND NICOBAR,6.922643891475888,5.170483995038151,1014
2022,Persistence (previous year),ANDHRA PRADESH,8.76280248744611,8.46821300919452,6391
2022,Persistence (previous year),ARUNACHAL PRADESH,4.74493212836325,2.0794415416798357,114
2022,Persistence (previous year),ASSAM,7.510430556378006,4.6443908991413725,1826
2022,Persistence (previous year),BIHAR,9.544882175080447,6.452048954437226,13972
2022,Persistence (previous year),CHANDIGARH,6.814542897259958,7.3758821482150125,910
2022,Persistence (previous year),CHHATTISGARH,7.893572073504902,6.99117688712121,2679
2022,Persistence (previous year),DADRA AND NAGAR HAVELI,6.530877627725885,6.306275286948016,685
2022,Persistence (previous year),DAMAN AND DIU,5.43372200355424,5.634789603169249,228
2022,Persistence (previous year),DELHI,9.228573140237243,9.479603858903946,10183
2022,Persistence (previous year),GOA,6.095824562432225,6.476972362889683,443
2022,Persistence (previous year),GUJARAT,8.80732226751107,9.304194947447806,6682
2022,Persistence (previous year),HARYANA,9.104646467417119,9.3789010135201,8996
2022,Persistence (previous year),HIMACHAL PRADESH,8.109826276018477,5.857933154483459,3326
2022,Persistence (previous year),JAMMU AND KASHMIR,9.020389788017736,7.444248649496705,8269
2022,Persistence (previous year),JHARKHAND,5.673323267171493,5.3981627015177525,290
2022,Persistence (previous year),KARNATAKA,9.199279424616758,8.908424139496578,9889
2022,Persistence (previous year),KERALA,8.396831834745054,8.087025470667701,4432
2022,Persistence (previous year),LAKSHADWEEP,4.219507705176107,0.6931471805599453,67
2022,Persistence (previous year),MADHYA PRADESH,8.107418811719974,9.654577374584886,3318
2022,Persistence (previous year),MAHARASHTRA,9.057072635572965,9.45100945015621,8578
2022,Persistence (previous year),MANIPUR,6.222576268071369,5.318119993844216,503
2022,Persistence (previous year),MEGHALAYA,3.295836866004329,4.867534450455582,26
2022,Persistence (previous year),MIZORAM,7.533158807455563,4.430816798843313,1868
2022,Persistence (previous year),NAGALAND,5.043425116919247,3.2188758248682006,154
2022,Persistence (previous year),ODISHA,8.862766742283796,8.929170383139624,7063
2022,Persistence (previous year),PUDUCHERRY,7.422971251049421,7.3938782901077555,1673
2022,Persistence (previous year),PUNJAB,9.308464769969381,10.060063859578225,11030
2022,Persistence (previous year),RAJASTHAN,9.50985219618154,9.940301525658844,13491
2022,Persistence (previous year),SIKKIM,5.579729825986222,5.497168225293202,264
2022,Persistence (previous year),TAMIL NADU,8.768885326134862,8.706159290928861,6430
2022,Persistence (previous year),TELANGANA,9.101975347298058,8.872907674259846,8972
2022,Persistence (previous year),TRIPURA,4.04305126783455,5.857933154483459,56
2022,Persistence (previous year),UTTAR PRADESH,9.894547710966654,10.300618023854234,19821
2022,Persistence (previous year),UTTARAKHAND,7.757051142032013,6.6052979209482015,2337
2022,State climatology (training mean),ANDAMAN AND NICOBAR,6.922643891475888,4.630837932736669,1014
2022,State climatology (training mean),ANDHRA PRADESH,8.76280248744611,8.289639931613328,6391
2022,State climatology (training mean),ARUNACHAL PRADESH,4.74493212836325,3.4339872044851463,114
2022,State climatology (training mean),ASSAM,7.510430556378006,7.007962539399163,1826
2022,State climatology (training mean),BIHAR,9.544882175080447,7.769716532977536,13972
2022,State climatology (training mean),CHANDIGARH,6.814542897259958,6.573121351634565,910
2022,State climatology (training mean),CHHATTISGARH,7.893572073504902,6.905352394365827,2679
2022,State climatology (training mean),DADRA AND NAGAR HAVELI,6.530877627725885,6.87688361531505,685
2022,State climatology (training mean),DAMAN AND DIU,5.43372200355424,5.4823042026610525,228
2022,State climatology (training mean),DELHI,9.228573140237243,8.877577248083764,10183
2022,State climatology (training mean),GOA,6.095824562432225,6.250747145038065,443
2022,State climatology (training mean),GUJARAT,8.80732226751107,9.06190996680383,6682
2022,State climatology (training mean),HARYANA,9.104646467417119,8.336725914382464,8996
2022,State climatology (training mean),HIMACHAL PRADESH,8.109826276018477,7.063561730120337,3326
2022,State climatology (training mean),JAMMU AND KASHMIR,9.020389788017736,6.3657829262193095,8269
2022,State climatology (training mean),JHARKHAND,5.673323267171493,6.132095676847728,290
2022,State climatology (training mean),KARNATAKA,9.199279424616758,9.219854964344767,9889
2022,State climatology (training mean),KERALA,8.396831834745054,8.892446484116162,4432
2022,State climatology (training mean),LAKSHADWEEP,4.219507705176107,0.18232155679395465,67
2022,State climatology (training mean),MADHYA PRADESH,8.107418811719974,8.622057584025374,3318
2022,State climatology (training mean),MAHARASHTRA,9.057072635572965,9.206894441571883,8578
2022,State climatology (training mean),MANIPUR,6.222576268071369,5.088830141681313,503
2022,State climatology (training mean),MEGHALAYA,3.295836866004329,4.146304301152812,26
2022,State climatology (training mean),MIZORAM,7.533158807455563,4.384523514872469,1868
2022,State climatology (training mean),NAGALAND,5.043425116919247,5.02912987673242,154
2022,State climatology (training mean),ODISHA,8.862766742283796,8.350571740426354,7063
2022,State climatology (training mean),PUDUCHERRY,7.422971251049421,7.544649517991284,1673
2022,State climatology (training mean),PUNJAB,9.308464769969381,9.58184875447282,11030
2022,State climatology (training mean),RAJASTHAN,9.50985219618154,9.296463020830595,13491
2022,State climatology (training mean),SIKKIM,5.579729825986222,5.58724865840025,264
2022,State climatology (training mean),TAMIL NADU,8.768885326134862,9.099654591118425,6430
2022,State climatology (training mean),TELANGANA,9.101975347298058,8.782783017393202,8972
2022,State climatology (training mean),TRIPURA,4.04305126783455,4.9684234452869465,56
2022,State climatology (training mean),UTTAR PRADESH,9.894547710966654,9.22912287127555,19821
2022,State climatology (training mean),UTTARAKHAND,7.757051142032013,7.8616500332536585,2337
2022,Global annual mean,ANDAMAN AND NICOBAR,6.922643891475888,8.194603346933112,1014
2022,Global annual mean,ANDHRA PRADESH,8.76280248744611,8.194603346933112,6391
2022,Global annual mean,ARUNACHAL PRADESH,4.74493212836325,8.194603346933112,114
2022,Global annual mean,ASSAM,7.510430556378006,8.194603346933112,1826
2022,Global annual mean,BIHAR,9.544882175080447,8.194603346933112,13972
2022,Global annual mean,CHANDIGARH,6.814542897259958,8.194603346933112,910
2022,Global annual mean,CHHATTISGARH,7.893572073504902,8.194603346933112,2679
2022,Global annual mean,DADRA AND NAGAR HAVELI,6.530877627725885,8.194603346933112,685
2022,Global annual mean,DAMAN AND DIU,5.43372200355424,8.194603346933112,228
2022,Global annual mean,DELHI,9.228573140237243,8.194603346933112,10183
2022,Global annual mean,GOA,6.095824562432225,8.194603346933112,443
2022,Global annual mean,GUJARAT,8.80732226751107,8.194603346933112,6682
2022,Global annual mean,HARYANA,9.104646467417119,8.194603346933112,8996
2022,Global annual mean,HIMACHAL PRADESH,8.109826276018477,8.194603346933112,3326
2022,Global annual mean,JAMMU AND KASHMIR,9.020389788017736,8.194603346933112,8269
2022,Global annual mean,JHARKHAND,5.673323267171493,8.194603346933112,290
2022,Global annual mean,KARNATAKA,9.199279424616758,8.194603346933112,9889
2022,Global annual mean,KERALA,8.396831834745054,8.194603346933112,4432
2022,Global annual mean,LAKSHADWEEP,4.219507705176107,8.194603346933112,67
2022,Global annual mean,MADHYA PRADESH,8.107418811719974,8.194603346933112,3318
2022,Global annual mean,MAHARASHTRA,9.057072635572965,8.194603346933112,8578
2022,Global annual mean,MANIPUR,6.222576268071369,8.194603346933112,503
2022,Global annual mean,MEGHALAYA,3.295836866004329,8.194603346933112,26
2022,Global annual mean,MIZORAM,7.533158807455563,8.194603346933112,1868
2022,Global annual mean,NAGALAND,5.043425116919247,8.194603346933112,154
2022,Global annual mean,ODISHA,8.862766742283796,8.194603346933112,7063
2022,Global annual mean,PUDUCHERRY,7.422971251049421,8.194603346933112,1673
2022,Global annual mean,PUNJAB,9.308464769969381,8.194603346933112,11030
2022,Global annual mean,RAJASTHAN,9.50985219618154,8.194603346933112,13491
2022,Global annual mean,SIKKIM,5.579729825986222,8.194603346933112,264
2022,Global annual mean,TAMIL NADU,8.768885326134862,8.194603346933112,6430
2022,Global annual mean,TELANGANA,9.101975347298058,8.194603346933112,8972
2022,Global annual mean,TRIPURA,4.04305126783455,8.194603346933112,56
2022,Global annual mean,UTTAR PRADESH,9.894547710966654,8.194603346933112,19821
2022,Global annual mean,UTTARAKHAND,7.757051142032013,8.194603346933112,2337
2022,Negative-binomial GLM (history),ANDAMAN AND NICOBAR,6.922643891475888,4.115694025576107,1014
2022,Negative-binomial GLM (history),ANDHRA PRADESH,8.76280248744611,9.48172563239218,6391
2022,Negative-binomial GLM (history),ARUNACHAL PRADESH,4.74493212836325,4.694438276970772,114
2022,Negative-binomial GLM (history),ASSAM,7.510430556378006,8.33596237857891,1826
2022,Negative-binomial GLM (history),BIHAR,9.544882175080447,10.001634239865519,13972
2022,Negative-binomial GLM (history),CHANDIGARH,6.814542897259958,5.403840558460713,910
2022,Negative-binomial GLM (history),CHHATTISGARH,7.893572073504902,8.36958717486554,2679
2022,Negative-binomial GLM (history),DADRA AND NAGAR HAVELI,6.530877627725885,4.73480861119077,685
2022,Negative-binomial GLM (history),DAMAN AND DIU,5.43372200355424,8.085980320351041,228
2022,Negative-binomial GLM (history),DELHI,9.228573140237243,8.510372249398847,10183
2022,Negative-binomial GLM (history),GOA,6.095824562432225,5.705253547690067,443
2022,Negative-binomial GLM (history),GUJARAT,8.80732226751107,9.804610266313341,6682
2022,Negative-binomial GLM (history),HARYANA,9.104646467417119,8.925419566924447,8996
2022,Negative-binomial GLM (history),HIMACHAL PRADESH,8.109826276018477,6.855156863620193,3326
2022,Negative-binomial GLM (history),JAMMU AND KASHMIR,9.020389788017736,7.659763886166835,8269
2022,Negative-binomial GLM (history),JHARKHAND,5.673323267171493,8.55144993372169,290
2022,Negative-binomial GLM (history),KARNATAKA,9.199279424616758,9.898010998065361,9889
2022,Negative-binomial GLM (history),KERALA,8.396831834745054,9.253141764548657,4432
2022,Negative-binomial GLM (history),LAKSHADWEEP,4.219507705176107,1.647781328249892,67
2022,Negative-binomial GLM (history),MADHYA PRADESH,8.107418811719974,9.931112281121369,3318
2022,Negative-binomial GLM (history),MAHARASHTRA,9.057072635572965,10.529952860698785,8578
2022,Negative-binomial GLM (history),MANIPUR,6.222576268071369,5.903806682614797,503
2022,Negative-binomial GLM (history),MEGHALAYA,3.295836866004329,5.763835590209184,26
2022,Negative-binomial GLM (history),MIZORAM,7.533158807455563,5.064996810908954,1868
2022,Negative-binomial GLM (history),NAGALAND,5.043425116919247,5.130071793363589,154
2022,Negative-binomial GLM (history),ODISHA,8.862766742283796,9.270950747983349,7063
2022,Negative-binomial GLM (history),PUDUCHERRY,7.422971251049421,5.679355302990488,1673
2022,Negative-binomial GLM (history),PUNJAB,9.308464769969381,9.288996876578533,11030
2022,Negative-binomial GLM (history),RAJASTHAN,9.50985219618154,10.007812829953556,13491
2022,Negative-binomial GLM (history),SIKKIM,5.579729825986222,4.346443985550218,264
2022,Negative-binomial GLM (history),TAMIL NADU,8.768885326134862,9.992602564685264,6430
2022,Negative-binomial GLM (history),TELANGANA,9.101975347298058,9.268459781765491,8972
2022,Negative-binomial GLM (history),TRIPURA,4.04305126783455,6.24678431734266,56
2022,Negative-binomial GLM (history),UTTAR PRADESH,9.894547710966654,11.178732795306171,19821
2022,Negative-binomial GLM (history),UTTARAKHAND,7.757051142032013,7.448286377090226,2337
2022,Negative-binomial GLM (full),ANDAMAN AND NICOBAR,6.922643891475888,4.674617109470107,1014
2022,Negative-binomial GLM (full),ANDHRA PRADESH,8.76280248744611,7.990396709249335,6391
2022,Negative-binomial GLM (full),ARUNACHAL PRADESH,4.74493212836325,2.925061271763581,114
2022,Negative-binomial GLM (full),ASSAM,7.510430556378006,5.934559049570803,1826
2022,Negative-binomial GLM (full),BIHAR,9.544882175080447,7.559370991992458,13972
2022,Negative-binomial GLM (full),CHANDIGARH,6.814542897259958,6.50109509121048,910
2022,Negative-binomial GLM (full),CHHATTISGARH,7.893572073504902,6.077503535902532,2679
2022,Negative-binomial GLM (full),DADRA AND NAGAR HAVELI,6.530877627725885,5.9034636693212725,685
2022,Negative-binomial GLM (full),DAMAN AND DIU,5.43372200355424,6.264144971715194,228
2022,Negative-binomial GLM (full),DELHI,9.228573140237243,8.492134370912614,10183
2022,Negative-binomial GLM (full),GOA,6.095824562432225,6.813170083006811,443
2022,Negative-binomial GLM (full),GUJARAT,8.80732226751107,8.757030378603403,6682
2022,Negative-binomial GLM (full),HARYANA,9.104646467417119,8.480436472516233,8996
2022,Negative-binomial GLM (full),HIMACHAL PRADESH,8.109826276018477,5.8168078241442815,3326
2022,Negative-binomial GLM (full),JAMMU AND KASHMIR,9.020389788017736,5.67602333189332,8269
2022,Negative-binomial GLM (full),JHARKHAND,5.673323267171493,5.940911383761277,290
2022,Negative-binomial GLM (full),KARNATAKA,9.199279424616758,9.004276113920683,9889
2022,Negative-binomial GLM (full),KERALA,8.396831834745054,8.899623743075209,4432
2022,Negative-binomial GLM (full),LAKSHADWEEP,4.219507705176107,1.322652816083051,67
2022,Negative-binomial GLM (full),MADHYA PRADESH,8.107418811719974,7.861875863964607,3318
2022,Negative-binomial GLM (full),MAHARASHTRA,9.057072635572965,9.18057065116365,8578
2022,Negative-binomial GLM (full),MANIPUR,6.222576268071369,4.87965175312014,503
2022,Negative-binomial GLM (full),MEGHALAYA,3.295836866004329,3.8418665088906088,26
2022,Negative-binomial GLM (full),MIZORAM,7.533158807455563,4.841039431230708,1868
2022,Negative-binomial GLM (full),NAGALAND,5.043425116919247,3.174453690315598,154
2022,Negative-binomial GLM (full),ODISHA,8.862766742283796,7.674273458420945,7063
2022,Negative-binomial GLM (full),PUDUCHERRY,7.422971251049421,6.638132365235136,1673
2022,Negative-binomial GLM (full),PUNJAB,9.308464769969381,9.277315381834836,11030
2022,Negative-binomial GLM (full),RAJASTHAN,9.50985219618154,8.401075645613547,13491
2022,Negative-binomial GLM (full),SIKKIM,5.579729825986222,4.681256356100876,264
2022,Negative-binomial GLM (full),TAMIL NADU,8.768885326134862,8.7831242494571,6430
2022,Negative-binomial GLM (full),TELANGANA,9.101975347298058,8.523442422560302,8972
2022,Negative-binomial GLM (full),TRIPURA,4.04305126783455,5.184083190886178,56
2022,Negative-binomial GLM (full),UTTAR PRADESH,9.894547710966654,9.19909486948505,19821
2022,Negative-binomial GLM (full),UTTARAKHAND,7.757051142032013,6.294163721358934,2337
2022,Gradient boosting (history only),ANDAMAN AND NICOBAR,6.922643891475888,4.678571946518157,1014
2022,Gradient boosting (history only),ANDHRA PRADESH,8.76280248744611,8.251991598395218,6391
2022,Gradient boosting (history only),ARUNACHAL PRADESH,4.74493212836325,0.1356935768514485,114
2022,Gradient boosting (history only),ASSAM,7.510430556378006,4.033943427829606,1826
2022,Gradient boosting (history only),BIHAR,9.544882175080447,6.106999302357694,13972
2022,Gradient boosting (history only),CHANDIGARH,6.814542897259958,5.981056027426925,910
2022,Gradient boosting (history only),CHHATTISGARH,7.893572073504902,5.0537715489045825,2679
2022,Gradient boosting (history only),DADRA AND NAGAR HAVELI,6.530877627725885,6.288776751809748,685
2022,Gradient boosting (history only),DAMAN AND DIU,5.43372200355424,4.872887446249045,228
2022,Gradient boosting (history only),DELHI,9.228573140237243,8.153601479546047,10183
2022,Gradient boosting (history only),GOA,6.095824562432225,6.047193942344094,443
2022,Gradient boosting (history only),GUJARAT,8.80732226751107,8.303965635664255,6682
2022,Gradient boosting (history only),HARYANA,9.104646467417119,7.461249460742649,8996
2022,Gradient boosting (history only),HIMACHAL PRADESH,8.109826276018477,4.794097941462904,3326
2022,Gradient boosting (history only),JAMMU AND KASHMIR,9.020389788017736,5.163789811652479,8269
2022,Gradient boosting (history only),JHARKHAND,5.673323267171493,4.993035710905319,290
2022,Gradient boosting (history only),KARNATAKA,9.199279424616758,8.227117414112886,9889
2022,Gradient boosting (history only),KERALA,8.396831834745054,8.530914841007467,4432
2022,Gradient boosting (history only),LAKSHADWEEP,4.219507705176107,0.04236883310981468,67
2022,Gradient boosting (history only),MADHYA PRADESH,8.107418811719974,6.388817796592196,3318
2022,Gradient boosting (history only),MAHARASHTRA,9.057072635572965,7.9689256454143536,8578
2022,Gradient boosting (history only),MANIPUR,6.222576268071369,4.64289500483752,503
2022,Gradient boosting (history only),MEGHALAYA,3.295836866004329,2.741950372687145,26
2022,Gradient boosting (history only),MIZORAM,7.533158807455563,4.073723243927796,1868
2022,Gradient boosting (history only),NAGALAND,5.043425116919247,1.1180871232091953,154
2022,Gradient boosting (history only),ODISHA,8.862766742283796,5.605677649617767,7063
2022,Gradient boosting (history only),PUDUCHERRY,7.422971251049421,6.19264301705669,1673
2022,Gradient boosting (history only),PUNJAB,9.308464769969381,8.395157514751734,11030
2022,Gradient boosting (history only),RAJASTHAN,9.50985219618154,8.035868976439623,13491
2022,Gradient boosting (history only),SIKKIM,5.579729825986222,3.437445460206458,264
2022,Gradient boosting (history only),TAMIL NADU,8.768885326134862,8.346045019769837,6430
2022,Gradient boosting (history only),TELANGANA,9.101975347298058,8.214895314504107,8972
2022,Gradient boosting (history only),TRIPURA,4.04305126783455,5.402842379357421,56
2022,Gradient boosting (history only),UTTAR PRADESH,9.894547710966654,8.347189165432477,19821
2022,Gradient boosting (history only),UTTARAKHAND,7.757051142032013,5.07653764215067,2337
2022,Gradient boosting (multi-modal),ANDAMAN AND NICOBAR,6.922643891475888,4.189430378784117,1014
2022,Gradient boosting (multi-modal),ANDHRA PRADESH,8.76280248744611,8.462702519428845,6391
2022,Gradient boosting (multi-modal),ARUNACHAL PRADESH,4.74493212836325,0.9420234872716443,114
2022,Gradient boosting (multi-modal),ASSAM,7.510430556378006,4.211512608507974,1826
2022,Gradient boosting (multi-modal),BIHAR,9.544882175080447,6.783807205430608,13972
2022,Gradient boosting (multi-modal),CHANDIGARH,6.814542897259958,6.146519390069803,910
2022,Gradient boosting (multi-modal),CHHATTISGARH,7.893572073504902,5.214610267480618,2679
2022,Gradient boosting (multi-modal),DADRA AND NAGAR HAVELI,6.530877627725885,5.926001074353756,685
2022,Gradient boosting (multi-modal),DAMAN AND DIU,5.43372200355424,5.122960456670823,228
2022,Gradient boosting (multi-modal),DELHI,9.228573140237243,8.265894410965641,10183
2022,Gradient boosting (multi-modal),GOA,6.095824562432225,6.280189880021806,443
2022,Gradient boosting (multi-modal),GUJARAT,8.80732226751107,8.31548402993795,6682
2022,Gradient boosting (multi-modal),HARYANA,9.104646467417119,7.509973373605559,8996
2022,Gradient boosting (multi-modal),HIMACHAL PRADESH,8.109826276018477,5.500190343212733,3326
2022,Gradient boosting (multi-modal),JAMMU AND KASHMIR,9.020389788017736,5.221668475032297,8269
2022,Gradient boosting (multi-modal),JHARKHAND,5.673323267171493,4.855088797638957,290
2022,Gradient boosting (multi-modal),KARNATAKA,9.199279424616758,8.288722761212052,9889
2022,Gradient boosting (multi-modal),KERALA,8.396831834745054,8.518427000570274,4432
2022,Gradient boosting (multi-modal),LAKSHADWEEP,4.219507705176107,0.206872088016499,67
2022,Gradient boosting (multi-modal),MADHYA PRADESH,8.107418811719974,7.586156412156743,3318
2022,Gradient boosting (multi-modal),MAHARASHTRA,9.057072635572965,7.971038437421168,8578
2022,Gradient boosting (multi-modal),MANIPUR,6.222576268071369,4.537102444623261,503
2022,Gradient boosting (multi-modal),MEGHALAYA,3.295836866004329,3.1985520439855084,26
2022,Gradient boosting (multi-modal),MIZORAM,7.533158807455563,4.180131208553243,1868
2022,Gradient boosting (multi-modal),NAGALAND,5.043425116919247,2.389648718671237,154
2022,Gradient boosting (multi-modal),ODISHA,8.862766742283796,6.519960043013854,7063
2022,Gradient boosting (multi-modal),PUDUCHERRY,7.422971251049421,6.488317516390349,1673
2022,Gradient boosting (multi-modal),PUNJAB,9.308464769969381,8.734910542083373,11030
2022,Gradient boosting (multi-modal),RAJASTHAN,9.50985219618154,7.95942164296585,13491
2022,Gradient boosting (multi-modal),SIKKIM,5.579729825986222,3.9604886540003026,264
2022,Gradient boosting (multi-modal),TAMIL NADU,8.768885326134862,8.525680751361119,6430
2022,Gradient boosting (multi-modal),TELANGANA,9.101975347298058,8.418946241916881,8972
2022,Gradient boosting (multi-modal),TRIPURA,4.04305126783455,5.133588661607489,56
2022,Gradient boosting (multi-modal),UTTAR PRADESH,9.894547710966654,8.24147223763883,19821
2022,Gradient boosting (multi-modal),UTTARAKHAND,7.757051142032013,5.487253997668208,2337
2023,Persistence (previous year),ANDAMAN AND NICOBAR,6.741700694652055,6.922643891475888,846
2023,Persistence (previous year),ANDHRA PRADESH,8.772455372611907,8.76280248744611,6453
2023,Persistence (previous year),ARUNACHAL PRADESH,4.875197323201151,4.74493212836325,130
2023,Persistence (previous year),ASSAM,9.012986392348266,7.510430556378006,8208
2023,Persistence (previous year),BIHAR,9.914674741926692,9.544882175080447,20224
2023,Persistence (previous year),CHANDIGARH,6.12029741895095,6.814542897259958,454
2023,Persistence (previous year),CHHATTISGARH,7.7886260656250315,7.893572073504902,2412
2023,Persistence (previous year),DADRA AND NAGAR HAVELI,7.072421900537371,6.530877627725885,1178
2023,Persistence (previous year),DAMAN AND DIU,5.652489180268651,5.43372200355424,284
2023,Persistence (previous year),DELHI,9.733114329258015,9.228573140237243,16866
2023,Persistence (previous year),GOA,6.240275845170769,6.095824562432225,512
2023,Persistence (previous year),GUJARAT,8.885025658050846,8.80732226751107,7222
2023,Persistence (previous year),HARYANA,8.997394645638419,9.104646467417119,8081
2023,Persistence (previous year),HIMACHAL PRADESH,7.595889917718538,8.109826276018477,1989
2023,Persistence (previous year),JAMMU AND KASHMIR,8.764678074116606,9.020389788017736,6403
2023,Persistence (previous year),JHARKHAND,7.8551570058813445,5.673323267171493,2578
2023,Persistence (previous year),KARNATAKA,9.867912187022208,9.199279424616758,19300
2023,Persistence (previous year),KERALA,9.765776006660642,8.396831834745054,17426
2023,Persistence (previous year),LAKSHADWEEP,6.100318952020064,4.219507705176107,445
2023,Persistence (previous year),MADHYA PRADESH,8.850804195756417,8.107418811719974,6979
2023,Persistence (previous year),MAHARASHTRA,9.854034668816597,9.057072635572965,19034
2023,Persistence (previous year),MANIPUR,7.8434564043761155,6.222576268071369,2548
2023,Persistence (previous year),MEGHALAYA,4.74493212836325,3.295836866004329,114
2023,Persistence (previous year),MIZORAM,7.630946580890459,7.533158807455563,2060
2023,Persistence (previous year),NAGALAND,8.505929999137527,5.043425116919247,4943
2023,Persistence (previous year),ODISHA,9.460787757817737,8.862766742283796,12845
2023,Persistence (previous year),PUDUCHERRY,7.934155233536322,7.422971251049421,2790
2023,Persistence (previous year),PUNJAB,9.52427481557203,9.308464769969381,13687
2023,Persistence (previous year),RAJASTHAN,9.541441064795485,9.50985219618154,13924
2023,Persistence (previous year),SIKKIM,5.7430031878094825,5.579729825986222,311
2023,Persistence (previous year),TAMIL NADU,9.118444357271645,8.768885326134862,9121
2023,Persistence (previous year),TELANGANA,8.989319566042951,9.101975347298058,8016
2023,Persistence (previous year),TRIPURA,7.277938572945661,4.04305126783455,1447
2023,Persistence (previous year),UTTAR PRADESH,10.474551841293858,9.894547710966654,35402
2023,Persistence (previous year),UTTARAKHAND,8.371242135931933,7.757051142032013,4320
2023,State climatology (training mean),ANDAMAN AND NICOBAR,6.741700694652055,5.539955500498411,846
2023,State climatology (training mean),ANDHRA PRADESH,8.772455372611907,8.385716828627851,6453
2023,State climatology (training mean),ARUNACHAL PRADESH,4.875197323201151,3.8066624897703196,130
2023,State climatology (training mean),ASSAM,9.012986392348266,7.111240192633162,8208
2023,State climatology (training mean),BIHAR,9.914674741926692,8.366835309827675,20224
2023,State climatology (training mean),CHANDIGARH,6.12029741895095,6.617625769553877,454
2023,State climatology (training mean),CHHATTISGARH,7.7886260656250315,7.15305163493748,2412
2023,State climatology (training mean),DADRA AND NAGAR HAVELI,7.072421900537371,6.8269066911188165,1178
2023,State climatology (training mean),DAMAN AND DIU,5.652489180268651,5.474369310328396,284
2023,State climatology (training mean),DELHI,9.733114329258015,8.94531089230923,16866
2023,State climatology (training mean),GOA,6.240275845170769,6.226536669287466,512
2023,State climatology (training mean),GUJARAT,8.885025658050846,9.023729629763798,7222
2023,State climatology (training mean),HARYANA,8.997394645638419,8.512816963015258,8081
2023,State climatology (training mean),HIMACHAL PRADESH,7.595889917718538,7.331933096022455,1989
2023,State climatology (training mean),JAMMU AND KASHMIR,8.764678074116606,7.529943370601589,6403
2023,State climatology (training mean),JHARKHAND,7.8551570058813445,6.068811316310609,2578
2023,State climatology (training mean),KARNATAKA,9.867912187022208,9.216454972976036,19300
2023,State climatology (training mean),KERALA,9.765776006660642,8.825094471049415,17426
2023,State climatology (training mean),LAKSHADWEEP,6.100318952020064,2.512305623976115,445
2023,State climatology (training mean),MADHYA PRADESH,8.850804195756417,8.552656855691806,6979
2023,State climatology (training mean),MAHARASHTRA,9.854034668816597,9.183431555418965,19034
2023,State climatology (training mean),MANIPUR,7.8434564043761155,5.38983247538381,2548
2023,State climatology (training mean),MEGHALAYA,4.74493212836325,4.045970977937885,114
2023,State climatology (training mean),MIZORAM,7.630946580890459,5.935775641247393,2060
2023,State climatology (training mean),NAGALAND,8.505929999137527,5.031526653127632,4943
2023,State climatology (training mean),ODISHA,9.460787757817737,8.45627477644682,12845
2023,State climatology (training mean),PUDUCHERRY,7.934155233536322,7.525370396929645,2790
2023,State climatology (training mean),PUNJAB,9.52427481557203,9.541165742636895,13687
2023,State climatology (training mean),RAJASTHAN,9.541441064795485,9.335341737138986,13924
2023,State climatology (training mean),SIKKIM,5.7430031878094825,5.585999438999818,311
2023,State climatology (training mean),TAMIL NADU,9.118444357271645,9.05157907959124,9121
2023,State climatology (training mean),TELANGANA,8.989319566042951,8.843566990979005,8016
2023,State climatology (training mean),TRIPURA,7.277938572945661,4.862393050955164,1447
2023,State climatology (training mean),UTTAR PRADESH,10.474551841293858,9.375430991841775,35402
2023,State climatology (training mean),UTTARAKHAND,8.371242135931933,7.844959132436499,4320
2023,Global annual mean,ANDAMAN AND NICOBAR,6.741700694652055,8.244949427872664,846
2023,Global annual mean,ANDHRA PRADESH,8.772455372611907,8.244949427872664,6453
2023,Global annual mean,ARUNACHAL PRADESH,4.875197323201151,8.244949427872664,130
2023,Global annual mean,ASSAM,9.012986392348266,8.244949427872664,8208
2023,Global annual mean,BIHAR,9.914674741926692,8.244949427872664,20224
2023,Global annual mean,CHANDIGARH,6.12029741895095,8.244949427872664,454
2023,Global annual mean,CHHATTISGARH,7.7886260656250315,8.244949427872664,2412
2023,Global annual mean,DADRA AND NAGAR HAVELI,7.072421900537371,8.244949427872664,1178
2023,Global annual mean,DAMAN AND DIU,5.652489180268651,8.244949427872664,284
2023,Global annual mean,DELHI,9.733114329258015,8.244949427872664,16866
2023,Global annual mean,GOA,6.240275845170769,8.244949427872664,512
2023,Global annual mean,GUJARAT,8.885025658050846,8.244949427872664,7222
2023,Global annual mean,HARYANA,8.997394645638419,8.244949427872664,8081
2023,Global annual mean,HIMACHAL PRADESH,7.595889917718538,8.244949427872664,1989
2023,Global annual mean,JAMMU AND KASHMIR,8.764678074116606,8.244949427872664,6403
2023,Global annual mean,JHARKHAND,7.8551570058813445,8.244949427872664,2578
2023,Global annual mean,KARNATAKA,9.867912187022208,8.244949427872664,19300
2023,Global annual mean,KERALA,9.765776006660642,8.244949427872664,17426
2023,Global annual mean,LAKSHADWEEP,6.100318952020064,8.244949427872664,445
2023,Global annual mean,MADHYA PRADESH,8.850804195756417,8.244949427872664,6979
2023,Global annual mean,MAHARASHTRA,9.854034668816597,8.244949427872664,19034
2023,Global annual mean,MANIPUR,7.8434564043761155,8.244949427872664,2548
2023,Global annual mean,MEGHALAYA,4.74493212836325,8.244949427872664,114
2023,Global annual mean,MIZORAM,7.630946580890459,8.244949427872664,2060
2023,Global annual mean,NAGALAND,8.505929999137527,8.244949427872664,4943
2023,Global annual mean,ODISHA,9.460787757817737,8.244949427872664,12845
2023,Global annual mean,PUDUCHERRY,7.934155233536322,8.244949427872664,2790
2023,Global annual mean,PUNJAB,9.52427481557203,8.244949427872664,13687
2023,Global annual mean,RAJASTHAN,9.541441064795485,8.244949427872664,13924
2023,Global annual mean,SIKKIM,5.7430031878094825,8.244949427872664,311
2023,Global annual mean,TAMIL NADU,9.118444357271645,8.244949427872664,9121
2023,Global annual mean,TELANGANA,8.989319566042951,8.244949427872664,8016
2023,Global annual mean,TRIPURA,7.277938572945661,8.244949427872664,1447
2023,Global annual mean,UTTAR PRADESH,10.474551841293858,8.244949427872664,35402
2023,Global annual mean,UTTARAKHAND,8.371242135931933,8.244949427872664,4320
2023,Negative-binomial GLM (history),ANDAMAN AND NICOBAR,6.741700694652055,4.645237480391981,846
2023,Negative-binomial GLM (history),ANDHRA PRADESH,8.772455372611907,9.602751061635939,6453
2023,Negative-binomial GLM (history),ARUNACHAL PRADESH,4.875197323201151,5.812084355715639,130
2023,Negative-binomial GLM (history),ASSAM,9.012986392348266,9.077254811824085,8208
2023,Negative-binomial GLM (history),BIHAR,9.914674741926692,10.39410242566018,20224
2023,Negative-binomial GLM (history),CHANDIGARH,6.12029741895095,5.647706076262363,454
2023,Negative-binomial GLM (history),CHHATTISGARH,7.7886260656250315,8.893486585226524,2412
2023,Negative-binomial GLM (history),DADRA AND NAGAR HAVELI,7.072421900537371,5.048113287073003,1178
2023,Negative-binomial GLM (history),DAMAN AND DIU,5.652489180268651,8.542233759886914,284
2023,Negative-binomial GLM (history),DELHI,9.733114329258015,8.544272110414292,16866
2023,Negative-binomial GLM (history),GOA,6.240275845170769,5.9312932091859425,512
2023,Negative-binomial GLM (history),GUJARAT,8.885025658050846,9.801417013373145,7222
2023,Negative-binomial GLM (history),HARYANA,8.997394645638419,8.949527021430248,8081
2023,Negative-binomial GLM (history),HIMACHAL PRADESH,7.595889917718538,7.594857015173957,1989
2023,Negative-binomial GLM (history),JAMMU AND KASHMIR,8.764678074116606,8.22352054610498,6403
2023,Negative-binomial GLM (history),JHARKHAND,7.8551570058813445,9.025838902992316,2578
2023,Negative-binomial GLM (history),KARNATAKA,9.867912187022208,9.83558595182364,19300
2023,Negative-binomial GLM (history),KERALA,9.765776006660642,9.187947307747615,17426
2023,Negative-binomial GLM (history),LAKSHADWEEP,6.100318952020064,2.780055891663049,445
2023,Negative-binomial GLM (history),MADHYA PRADESH,8.850804195756417,9.944192700860853,6979
2023,Negative-binomial GLM (history),MAHARASHTRA,9.854034668816597,10.43553051943604,19034
2023,Negative-binomial GLM (history),MANIPUR,7.8434564043761155,6.506759746681817,2548
2023,Negative-binomial GLM (history),MEGHALAYA,4.74493212836325,6.4837561763349125,114
2023,Negative-binomial GLM (history),MIZORAM,7.630946580890459,5.734358009565337,2060
2023,Negative-binomial GLM (history),NAGALAND,8.505929999137527,6.183094755977541,4943
2023,Negative-binomial GLM (history),ODISHA,9.460787757817737,9.440916700505875,12845
2023,Negative-binomial GLM (history),PUDUCHERRY,7.934155233536322,5.8493893171091145,2790
2023,Negative-binomial GLM (history),PUNJAB,9.52427481557203,9.049723671357867,13687
2023,Negative-binomial GLM (history),RAJASTHAN,9.541441064795485,9.96601297158344,13924
2023,Negative-binomial GLM (history),SIKKIM,5.7430031878094825,5.037139347161248,311
2023,Negative-binomial GLM (history),TAMIL NADU,9.118444357271645,9.977689460148062,9121
2023,Negative-binomial GLM (history),TELANGANA,8.989319566042951,9.273157940530162,8016
2023,Negative-binomial GLM (history),TRIPURA,7.277938572945661,6.737583355906648,1447
2023,Negative-binomial GLM (history),UTTAR PRADESH,10.474551841293858,11.056988228391507,35402
2023,Negative-binomial GLM (history),UTTARAKHAND,8.371242135931933,7.957528510568543,4320
2023,Negative-binomial GLM (full),ANDAMAN AND NICOBAR,6.741700694652055,5.939644736637155,846
2023,Negative-binomial GLM (full),ANDHRA PRADESH,8.772455372611907,8.754768796648307,6453
2023,Negative-binomial GLM (full),ARUNACHAL PRADESH,4.875197323201151,5.228387090373245,130
2023,Negative-binomial GLM (full),ASSAM,9.012986392348266,7.822387733828252,8208
2023,Negative-binomial GLM (full),BIHAR,9.914674741926692,9.104917877466164,20224
2023,Negative-binomial GLM (full),CHANDIGARH,6.12029741895095,7.151605678508179,454
2023,Negative-binomial GLM (full),CHHATTISGARH,7.7886260656250315,8.056967057649738,2412
2023,Negative-binomial GLM (full),DADRA AND NAGAR HAVELI,7.072421900537371,6.4852293817021165,1178
2023,Negative-binomial GLM (full),DAMAN AND DIU,5.652489180268651,7.1504290542232,284
2023,Negative-binomial GLM (full),DELHI,9.733114329258015,9.304682851430135,16866
2023,Negative-binomial GLM (full),GOA,6.240275845170769,6.860784439693388,512
2023,Negative-binomial GLM (full),GUJARAT,8.885025658050846,9.288355863656733,7222
2023,Negative-binomial GLM (full),HARYANA,8.997394645638419,9.045107116127715,8081
2023,Negative-binomial GLM (full),HIMACHAL PRADESH,7.595889917718538,7.81722454162521,1989
2023,Negative-binomial GLM (full),JAMMU AND KASHMIR,8.764678074116606,8.002496886621305,6403
2023,Negative-binomial GLM (full),JHARKHAND,7.8551570058813445,7.000690582340852,2578
2023,Negative-binomial GLM (full),KARNATAKA,9.867912187022208,9.342013910860537,19300
2023,Negative-binomial GLM (full),KERALA,9.765776006660642,9.074157961589266,17426
2023,Negative-binomial GLM (full),LAKSHADWEEP,6.100318952020064,3.9099895121280235,445
2023,Negative-binomial GLM (full),MADHYA PRADESH,8.850804195756417,8.755084803440763,6979
2023,Negative-binomial GLM (full),MAHARASHTRA,9.854034668816597,9.661743061528256,19034
2023,Negative-binomial GLM (full),MANIPUR,7.8434564043761155,6.402509328719467,2548
2023,Negative-binomial GLM (full),MEGHALAYA,4.74493212836325,5.25650217796362,114
2023,Negative-binomial GLM (full),MIZORAM,7.630946580890459,6.691014088290001,2060
2023,Negative-binomial GLM (full),NAGALAND,8.505929999137527,5.751739928531331,4943
2023,Negative-binomial GLM (full),ODISHA,9.460787757817737,8.846148842840327,12845
2023,Negative-binomial GLM (full),PUDUCHERRY,7.934155233536322,7.301885156966633,2790
2023,Negative-binomial GLM (full),PUNJAB,9.52427481557203,9.349061871648528,13687
2023,Negative-binomial GLM (full),RAJASTHAN,9.541441064795485,9.22463626334748,13924
2023,Negative-binomial GLM (full),SIKKIM,5.7430031878094825,5.919069834813588,311
2023,Negative-binomial GLM (full),TAMIL NADU,9.118444357271645,9.395741701284775,9121
2023,Negative-binomial GLM (full),TELANGANA,8.989319566042951,9.062685583752286,8016
2023,Negative-binomial GLM (full),TRIPURA,7.277938572945661,5.851890081283004,1447
2023,Negative-binomial GLM (full),UTTAR PRADESH,10.474551841293858,9.893394232453852,35402
2023,Negative-binomial GLM (full),UTTARAKHAND,8.371242135931933,7.670326683510277,4320
2023,Gradient boosting (history only),ANDAMAN AND NICOBAR,6.741700694652055,4.962587452667206,846
2023,Gradient boosting (history only),ANDHRA PRADESH,8.772455372611907,8.020036006325414,6453
2023,Gradient boosting (history only),ARUNACHAL PRADESH,4.875197323201151,3.5875591286104864,130
2023,Gradient boosting (history only),ASSAM,9.012986392348266,7.430595358659837,8208
2023,Gradient boosting (history only),BIHAR,9.914674741926692,7.200804417963683,20224
2023,Gradient boosting (history only),CHANDIGARH,6.12029741895095,6.83581745516992,454
2023,Gradient boosting (history only),CHHATTISGARH,7.7886260656250315,6.83703714038607,2412
2023,Gradient boosting (history only),DADRA AND NAGAR HAVELI,7.072421900537371,7.5894181053248815,1178
2023,Gradient boosting (history only),DAMAN AND DIU,5.652489180268651,5.110151864666212,284
2023,Gradient boosting (history only),DELHI,9.733114329258015,9.241483364810012,16866
2023,Gradient boosting (history only),GOA,6.240275845170769,5.72335702282736,512
2023,Gradient boosting (history only),GUJARAT,8.885025658050846,9.082597512317736,7222
2023,Gradient boosting (history only),HARYANA,8.997394645638419,9.10938511652555,8081
2023,Gradient boosting (history only),HIMACHAL PRADESH,7.595889917718538,6.562101794883781,1989
2023,Gradient boosting (history only),JAMMU AND KASHMIR,8.764678074116606,6.580480617085952,6403
2023,Gradient boosting (history only),JHARKHAND,7.8551570058813445,5.467760675483966,2578
2023,Gradient boosting (history only),KARNATAKA,9.867912187022208,8.37655325251311,19300
2023,Gradient boosting (history only),KERALA,9.765776006660642,8.558320919216078,17426
2023,Gradient boosting (history only),LAKSHADWEEP,6.100318952020064,5.225087114407269,445
2023,Gradient boosting (history only),MADHYA PRADESH,8.850804195756417,8.510602093242944,6979
2023,Gradient boosting (history only),MAHARASHTRA,9.854034668816597,9.21929669560079,19034
2023,Gradient boosting (history only),MANIPUR,7.8434564043761155,4.986868570806771,2548
2023,Gradient boosting (history only),MEGHALAYA,4.74493212836325,4.703839295642437,114
2023,Gradient boosting (history only),MIZORAM,7.630946580890459,6.435357802054159,2060
2023,Gradient boosting (history only),NAGALAND,8.505929999137527,5.339863339928443,4943
2023,Gradient boosting (history only),ODISHA,9.460787757817737,7.957828238390105,12845
2023,Gradient boosting (history only),PUDUCHERRY,7.934155233536322,7.201896868908896,2790
2023,Gradient boosting (history only),PUNJAB,9.52427481557203,9.212384986948717,13687
2023,Gradient boosting (history only),RAJASTHAN,9.541441064795485,8.787714021438592,13924
2023,Gradient boosting (history only),SIKKIM,5.7430031878094825,5.4033193972455535,311
2023,Gradient boosting (history only),TAMIL NADU,9.118444357271645,8.71977985376036,9121
2023,Gradient boosting (history only),TELANGANA,8.989319566042951,8.882609320825798,8016
2023,Gradient boosting (history only),TRIPURA,7.277938572945661,5.255215885961971,1447
2023,Gradient boosting (history only),UTTAR PRADESH,10.474551841293858,8.974720860029354,35402
2023,Gradient boosting (history only),UTTARAKHAND,8.371242135931933,7.576995826710446,4320
2023,Gradient boosting (multi-modal),ANDAMAN AND NICOBAR,6.741700694652055,4.727826244814322,846
2023,Gradient boosting (multi-modal),ANDHRA PRADESH,8.772455372611907,8.248452791580362,6453
2023,Gradient boosting (multi-modal),ARUNACHAL PRADESH,4.875197323201151,2.3061866492978704,130
2023,Gradient boosting (multi-modal),ASSAM,9.012986392348266,6.626685440233748,8208
2023,Gradient boosting (multi-modal),BIHAR,9.914674741926692,7.5794367951172354,20224
2023,Gradient boosting (multi-modal),CHANDIGARH,6.12029741895095,6.708220155754256,454
2023,Gradient boosting (multi-modal),CHHATTISGARH,7.7886260656250315,6.807915070954457,2412
2023,Gradient boosting (multi-modal),DADRA AND NAGAR HAVELI,7.072421900537371,6.80700000855138,1178
2023,Gradient boosting (multi-modal),DAMAN AND DIU,5.652489180268651,5.532522762069179,284
2023,Gradient boosting (multi-modal),DELHI,9.733114329258015,8.714628733403266,16866
2023,Gradient boosting (multi-modal),GOA,6.240275845170769,6.088090343474545,512
2023,Gradient boosting (multi-modal),GUJARAT,8.885025658050846,8.931643561963044,7222
2023,Gradient boosting (multi-modal),HARYANA,8.997394645638419,8.516474397967363,8081
2023,Gradient boosting (multi-modal),HIMACHAL PRADESH,7.595889917718538,6.898096187364769,1989
2023,Gradient boosting (multi-modal),JAMMU AND KASHMIR,8.764678074116606,7.185709268093354,6403
2023,Gradient boosting (multi-modal),JHARKHAND,7.8551570058813445,5.29756593165565,2578
2023,Gradient boosting (multi-modal),KARNATAKA,9.867912187022208,8.803206692976202,19300
2023,Gradient boosting (multi-modal),KERALA,9.765776006660642,8.560454982770112,17426
2023,Gradient boosting (multi-modal),LAKSHADWEEP,6.100318952020064,3.7621635649391685,445
2023,Gradient boosting (multi-modal),MADHYA PRADESH,8.850804195756417,8.752254597870612,6979
2023,Gradient boosting (multi-modal),MAHARASHTRA,9.854034668816597,9.286725520174388,19034
2023,Gradient boosting (multi-modal),MANIPUR,7.8434564043761155,4.516664598118971,2548
2023,Gradient boosting (multi-modal),MEGHALAYA,4.74493212836325,4.095033341284763,114
2023,Gradient boosting (multi-modal),MIZORAM,7.630946580890459,5.234565807074728,2060
2023,Gradient boosting (multi-modal),NAGALAND,8.505929999137527,4.897883779993458,4943
2023,Gradient boosting (multi-modal),ODISHA,9.460787757817737,7.533484464421792,12845
2023,Gradient boosting (multi-modal),PUDUCHERRY,7.934155233536322,7.111167245010349,2790
2023,Gradient boosting (multi-modal),PUNJAB,9.52427481557203,9.16902231457589,13687
2023,Gradient boosting (multi-modal),RAJASTHAN,9.541441064795485,9.180645392039573,13924
2023,Gradient boosting (multi-modal),SIKKIM,5.7430031878094825,5.11520018277719,311
2023,Gradient boosting (multi-modal),TAMIL NADU,9.118444357271645,8.99701169422218,9121
2023,Gradient boosting (multi-modal),TELANGANA,8.989319566042951,8.805859066142201,8016
2023,Gradient boosting (multi-modal),TRIPURA,7.277938572945661,5.112755557816953,1447
2023,Gradient boosting (multi-modal),UTTAR PRADESH,10.474551841293858,9.259674457765787,35402
2023,Gradient boosting (multi-modal),UTTARAKHAND,8.371242135931933,7.246259976521688,4320
2024,Persistence (previous year),ANDAMAN AND NICOBAR,4.0943445622221,6.741700694652055,59
2024,Persistence (previous year),ANDHRA PRADESH,8.622633703874234,8.772455372611907,5555
2024,Persistence (previous year),ARUNACHAL PRADESH,3.044522437723423,4.875197323201151,20
2024,Persistence (previous year),ASSAM,7.7284157798410416,9.012986392348266,2271
2024,Persistence (previous year),BIHAR,9.22601685136119,9.914674741926692,10157
2024,Persistence (previous year),CHANDIGARH,5.857933154483459,6.12029741895095,349
2024,Persistence (previous year),CHHATTISGARH,8.16735198705607,7.7886260656250315,3523
2024,Persistence (previous year),DADRA AND NAGAR HAVELI,6.0014148779611505,7.072421900537371,403
2024,Persistence (previous year),DAMAN AND DIU,5.631211781821365,5.652489180268651,278
2024,Persistence (previous year),DELHI,9.267287652417933,9.733114329258015,10585
2024,Persistence (previous year),GOA,6.342121418721152,6.240275845170769,567
2024,Persistence (previous year),GUJARAT,8.973604867142505,8.885025658050846,7891
2024,Persistence (previous year),HARYANA,8.774931387494947,8.997394645638419,6469
2024,Persistence (previous year),HIMACHAL PRADESH,8.11969625295725,7.595889917718538,3359
2024,Persistence (previous year),JAMMU AND KASHMIR,8.835937789319836,8.764678074116606,6876
2024,Persistence (previous year),JHARKHAND,7.332369205929062,7.8551570058813445,1528
2024,Persistence (previous year),KARNATAKA,10.400832721888241,9.867912187022208,32886
2024,Persistence (previous year),KERALA,9.936680519891892,9.765776006660642,20674
2024,Persistence (previous year),LAKSHADWEEP,6.2422232654551655,6.100318952020064,513
2024,Persistence (previous year),MADHYA PRADESH,9.232590980911002,8.850804195756417,10224
2024,Persistence (previous year),MAHARASHTRA,9.872306435052554,9.854034668816597,19385
2024,Persistence (previous year),MANIPUR,7.80954132465341,7.8434564043761155,2463
2024,Persistence (previous year),MEGHALAYA,4.31748811353631,4.74493212836325,74
2024,Persistence (previous year),MIZORAM,6.61338421837956,7.630946580890459,744
2024,Persistence (previous year),NAGALAND,3.7612001156935624,8.505929999137527,42
2024,Persistence (previous year),ODISHA,9.199582715323222,9.460787757817737,9892
2024,Persistence (previous year),PUDUCHERRY,7.663407664893479,7.934155233536322,2128
2024,Persistence (previous year),PUNJAB,8.74209519574531,9.52427481557203,6260
2024,Persistence (previous year),RAJASTHAN,9.434683203865875,9.541441064795485,12514
2024,Persistence (previous year),SIKKIM,5.926926025970411,5.7430031878094825,374
2024,Persistence (previous year),TAMIL NADU,10.217531575165962,9.118444357271645,27378
2024,Persistence (previous year),TELANGANA,9.218110109240543,8.989319566042951,10077
2024,Persistence (previous year),TRIPURA,7.089243155027514,7.277938572945661,1198
2024,Persistence (previous year),UTTAR PRADESH,9.672122799562842,10.474551841293858,15868
2024,Persistence (previous year),UTTARAKHAND,6.20455776256869,8.371242135931933,494
2024,State climatology (training mean),ANDAMAN AND NICOBAR,4.0943445622221,5.826842567413428,59
2024,State climatology (training mean),ANDHRA PRADESH,8.622633703874234,8.450992336987012,5555
2024,State climatology (training mean),ARUNACHAL PRADESH,3.044522437723423,4.048051278251256,20
2024,State climatology (training mean),ASSAM,7.7284157798410416,7.7067414321496965,2271
2024,State climatology (training mean),BIHAR,9.22601685136119,8.791290550927652,10157
2024,State climatology (training mean),CHANDIGARH,5.857933154483459,6.560019850082213,349
2024,State climatology (training mean),CHHATTISGARH,8.16735198705607,7.2724975939986285,3523
2024,State climatology (training mean),DADRA AND NAGAR HAVELI,6.0014148779611505,6.8658910748834385,403
2024,State climatology (training mean),DAMAN AND DIU,5.631211781821365,5.501841130992594,278
2024,State climatology (training mean),DELHI,9.267287652417933,9.103359496625314,10585
2024,State climatology (training mean),GOA,6.342121418721152,6.2285110035911835,567
2024,State climatology (training mean),GUJARAT,8.973604867142505,9.005054280034154,7891
2024,State climatology (training mean),HARYANA,8.774931387494947,8.598140983882429,6469
2024,State climatology (training mean),HIMACHAL PRADESH,8.11969625295725,7.374181086879989,3359
2024,State climatology (training mean),JAMMU AND KASHMIR,8.835937789319836,7.828720781355811,6876
2024,State climatology (training mean),JHARKHAND,7.332369205929062,6.605104590836435,1528
2024,State climatology (training mean),KARNATAKA,10.400832721888241,9.339725681464248,32886
2024,State climatology (training mean),KERALA,9.936680519891892,9.026486212775481,20674
2024,State climatology (training mean),LAKSHADWEEP,6.2422232654551655,4.3079186625201595,513
2024,State climatology (training mean),MADHYA PRADESH,9.232590980911002,8.601087811599658,10224
2024,State climatology (training mean),MAHARASHTRA,9.872306435052554,9.31137439900793,19385
2024,State climatology (training mean),MANIPUR,7.80954132465341,6.313548046277095,2463
2024,State climatology (training mean),MEGHALAYA,4.31748811353631,4.180959035058872,74
2024,State climatology (training mean),MIZORAM,6.61338421837956,6.427643592159313,744
2024,State climatology (training mean),NAGALAND,3.7612001156935624,6.7305065479089015,42
2024,State climatology (training mean),ODISHA,9.199582715323222,8.677196101246553,9892
2024,State climatology (training mean),PUDUCHERRY,7.663407664893479,7.595028096349482,2128
2024,State climatology (training mean),PUNJAB,8.74209519574531,9.538770150474614,6260
2024,State climatology (training mean),RAJASTHAN,9.434683203865875,9.367515046348181,12514
2024,State climatology (training mean),SIKKIM,5.926926025970411,5.609994944556034,374
2024,State climatology (training mean),TAMIL NADU,10.217531575165962,9.061409379183084,27378
2024,State climatology (training mean),TELANGANA,9.218110109240543,8.865735152124781,10077
2024,State climatology (training mean),TRIPURA,7.089243155027514,5.76115250631516,1198
2024,State climatology (training mean),UTTAR PRADESH,9.672122799562842,9.62691496912275,15868
2024,State climatology (training mean),UTTARAKHAND,6.20455776256869,7.939311594673923,494
2024,Global annual mean,ANDAMAN AND NICOBAR,4.0943445622221,8.370953045412467,59
2024,Global annual mean,ANDHRA PRADESH,8.622633703874234,8.370953045412467,5555
2024,Global annual mean,ARUNACHAL PRADESH,3.044522437723423,8.370953045412467,20
2024,Global annual mean,ASSAM,7.7284157798410416,8.370953045412467,2271
2024,Global annual mean,BIHAR,9.22601685136119,8.370953045412467,10157
2024,Global annual mean,CHANDIGARH,5.857933154483459,8.370953045412467,349
2024,Global annual mean,CHHATTISGARH,8.16735198705607,8.370953045412467,3523
2024,Global annual mean,DADRA AND NAGAR HAVELI,6.0014148779611505,8.370953045412467,403
2024,Global annual mean,DAMAN AND DIU,5.631211781821365,8.370953045412467,278
2024,Global annual mean,DELHI,9.267287652417933,8.370953045412467,10585
2024,Global annual mean,GOA,6.342121418721152,8.370953045412467,567
2024,Global annual mean,GUJARAT,8.973604867142505,8.370953045412467,7891
2024,Global annual mean,HARYANA,8.774931387494947,8.370953045412467,6469
2024,Global annual mean,HIMACHAL PRADESH,8.11969625295725,8.370953045412467,3359
2024,Global annual mean,JAMMU AND KASHMIR,8.835937789319836,8.370953045412467,6876
2024,Global annual mean,JHARKHAND,7.332369205929062,8.370953045412467,1528
2024,Global annual mean,KARNATAKA,10.400832721888241,8.370953045412467,32886
2024,Global annual mean,KERALA,9.936680519891892,8.370953045412467,20674
2024,Global annual mean,LAKSHADWEEP,6.2422232654551655,8.370953045412467,513
2024,Global annual mean,MADHYA PRADESH,9.232590980911002,8.370953045412467,10224
2024,Global annual mean,MAHARASHTRA,9.872306435052554,8.370953045412467,19385
2024,Global annual mean,MANIPUR,7.80954132465341,8.370953045412467,2463
2024,Global annual mean,MEGHALAYA,4.31748811353631,8.370953045412467,74
2024,Global annual mean,MIZORAM,6.61338421837956,8.370953045412467,744
2024,Global annual mean,NAGALAND,3.7612001156935624,8.370953045412467,42
2024,Global annual mean,ODISHA,9.199582715323222,8.370953045412467,9892
2024,Global annual mean,PUDUCHERRY,7.663407664893479,8.370953045412467,2128
2024,Global annual mean,PUNJAB,8.74209519574531,8.370953045412467,6260
2024,Global annual mean,RAJASTHAN,9.434683203865875,8.370953045412467,12514
2024,Global annual mean,SIKKIM,5.926926025970411,8.370953045412467,374
2024,Global annual mean,TAMIL NADU,10.217531575165962,8.370953045412467,27378
2024,Global annual mean,TELANGANA,9.218110109240543,8.370953045412467,10077
2024,Global annual mean,TRIPURA,7.089243155027514,8.370953045412467,1198
2024,Global annual mean,UTTAR PRADESH,9.672122799562842,8.370953045412467,15868
2024,Global annual mean,UTTARAKHAND,6.20455776256869,8.370953045412467,494
2024,Negative-binomial GLM (history),ANDAMAN AND NICOBAR,4.0943445622221,4.75478951217059,59
2024,Negative-binomial GLM (history),ANDHRA PRADESH,8.622633703874234,9.631111885198823,5555
2024,Negative-binomial GLM (history),ARUNACHAL PRADESH,3.044522437723423,6.1176677023568,20
2024,Negative-binomial GLM (history),ASSAM,7.7284157798410416,9.44982015605446,2271
2024,Negative-binomial GLM (history),BIHAR,9.22601685136119,10.429645287555276,10157
2024,Negative-binomial GLM (history),CHANDIGARH,5.857933154483459,5.678317143694938,349
2024,Negative-binomial GLM (history),CHHATTISGARH,8.16735198705607,8.956437312192241,3523
2024,Negative-binomial GLM (history),DADRA AND NAGAR HAVELI,6.0014148779611505,5.316364325900377,403
2024,Negative-binomial GLM (history),DAMAN AND DIU,5.631211781821365,8.826399193286944,278
2024,Negative-binomial GLM (history),DELHI,9.267287652417933,8.632624904967754,10585
2024,Negative-binomial GLM (history),GOA,6.342121418721152,6.158852645765123,567
2024,Negative-binomial GLM (history),GUJARAT,8.973604867142505,9.841005395981416,7891
2024,Negative-binomial GLM (history),HARYANA,8.774931387494947,8.93591653741889,6469
2024,Negative-binomial GLM (history),HIMACHAL PRADESH,8.11969625295725,7.566909568995996,3359
2024,Negative-binomial GLM (history),JAMMU AND KASHMIR,8.835937789319836,8.184291131891998,6876
2024,Negative-binomial GLM (history),JHARKHAND,7.332369205929062,9.646574378641313,1528
2024,Negative-binomial GLM (history),KARNATAKA,10.400832721888241,9.954105189694522,32886
2024,Negative-binomial GLM (history),KERALA,9.936680519891892,9.484763789736585,20674
2024,Negative-binomial GLM (history),LAKSHADWEEP,6.2422232654551655,3.4034947803568487,513
2024,Negative-binomial GLM (history),MADHYA PRADESH,9.232590980911002,10.15171600521373,10224
2024,Negative-binomial GLM (history),MAHARASHTRA,9.872306435052554,10.58804862561788,19385
2024,Negative-binomial GLM (history),MANIPUR,7.80954132465341,6.988709675946382,2463
2024,Negative-binomial GLM (history),MEGHALAYA,4.31748811353631,7.131321069049638,74
2024,Negative-binomial GLM (history),MIZORAM,6.61338421837956,5.851713559439583,744
2024,Negative-binomial GLM (history),NAGALAND,3.7612001156935624,7.070557588324871,42
2024,Negative-binomial GLM (history),ODISHA,9.199582715323222,9.56951088877511,9892
2024,Negative-binomial GLM (history),PUDUCHERRY,7.663407664893479,6.055463485020228,2128
2024,Negative-binomial GLM (history),PUNJAB,8.74209519574531,9.082102595077908,6260
2024,Negative-binomial GLM (history),RAJASTHAN,9.434683203865875,9.951345820460906,12514
2024,Negative-binomial GLM (history),SIKKIM,5.926926025970411,5.299663941246823,374
2024,Negative-binomial GLM (history),TAMIL NADU,10.217531575165962,10.067382267597928,27378
2024,Negative-binomial GLM (history),TELANGANA,9.218110109240543,9.257551878161154,10077
2024,Negative-binomial GLM (history),TRIPURA,7.089243155027514,7.658450918307864,1198
2024,Negative-binomial GLM (history),UTTAR PRADESH,9.672122799562842,11.115890547999818,15868
2024,Negative-binomial GLM (history),UTTARAKHAND,6.20455776256869,8.158167998678572,494
2024,Negative-binomial GLM (full),ANDAMAN AND NICOBAR,4.0943445622221,6.574987218652816,59
2024,Negative-binomial GLM (full),ANDHRA PRADESH,8.622633703874234,8.81827788233539,5555
2024,Negative-binomial GLM (full),ARUNACHAL PRADESH,3.044522437723423,5.990758804768876,20
2024,Negative-binomial GLM (full),ASSAM,7.7284157798410416,8.989359411215954,2271
2024,Negative-binomial GLM (full),BIHAR,9.22601685136119,9.971464912417986,10157
2024,Negative-binomial GLM (full),CHANDIGARH,5.857933154483459,6.90240570207663,349
2024,Negative-binomial GLM (full),CHHATTISGARH,8.16735198705607,8.42987641312469,3523
2024,Negative-binomial GLM (full),DADRA AND NAGAR HAVELI,6.0014148779611505,6.984676641081595,403
2024,Negative-binomial GLM (full),DAMAN AND DIU,5.631211781821365,7.197703210674642,278
2024,Negative-binomial GLM (full),DELHI,9.267287652417933,9.466998454124282,10585
2024,Negative-binomial GLM (full),GOA,6.342121418721152,6.694654248901055,567
2024,Negative-binomial GLM (full),GUJARAT,8.973604867142505,9.153413098640147,7891
2024,Negative-binomial GLM (full),HARYANA,8.774931387494947,8.951662388030341,6469
2024,Negative-binomial GLM (full),HIMACHAL PRADESH,8.11969625295725,8.119904531522428,3359
2024,Negative-binomial GLM (full),JAMMU AND KASHMIR,8.835937789319836,8.511419124841646,6876
2024,Negative-binomial GLM (full),JHARKHAND,7.332369205929062,8.034619516459946,1528
2024,Negative-binomial GLM (full),KARNATAKA,10.400832721888241,9.608521533174393,32886
2024,Negative-binomial GLM (full),KERALA,9.936680519891892,9.73250855104799,20674
2024,Negative-binomial GLM (full),LAKSHADWEEP,6.2422232654551655,5.764778582973296,513
2024,Negative-binomial GLM (full),MADHYA PRADESH,9.232590980911002,9.024338124375516,10224
2024,Negative-binomial GLM (full),MAHARASHTRA,9.872306435052554,9.88609624624336,19385
2024,Negative-binomial GLM (full),MANIPUR,7.80954132465341,7.556311057932197,2463
2024,Negative-binomial GLM (full),MEGHALAYA,4.31748811353631,5.8779178857537016,74
2024,Negative-binomial GLM (full),MIZORAM,6.61338421837956,7.594068482876073,744
2024,Negative-binomial GLM (full),NAGALAND,3.7612001156935624,7.835283824022302,42
2024,Negative-binomial GLM (full),ODISHA,9.199582715323222,9.304437122920246,9892
2024,Negative-binomial GLM (full),PUDUCHERRY,7.663407664893479,7.817366231690245,2128
2024,Negative-binomial GLM (full),PUNJAB,8.74209519574531,9.501869864744311,6260
2024,Negative-binomial GLM (full),RAJASTHAN,9.434683203865875,9.363846903184783,12514
2024,Negative-binomial GLM (full),SIKKIM,5.926926025970411,6.004937751148328,374
2024,Negative-binomial GLM (full),TAMIL NADU,10.217531575165962,9.552941636841167,27378
2024,Negative-binomial GLM (full),TELANGANA,9.218110109240543,9.053587887550261,10077
2024,Negative-binomial GLM (full),TRIPURA,7.089243155027514,6.960072746954949,1198
2024,Negative-binomial GLM (full),UTTAR PRADESH,9.672122799562842,10.217893567945366,15868
2024,Negative-binomial GLM (full),UTTARAKHAND,6.20455776256869,8.12126866654497,494
2024,Gradient boosting (history only),ANDAMAN AND NICOBAR,4.0943445622221,6.481222750014809,59
2024,Gradient boosting (history only),ANDHRA PRADESH,8.622633703874234,8.118086780597922,5555
2024,Gradient boosting (history only),ARUNACHAL PRADESH,3.044522437723423,5.260640074137373,20
2024,Gradient boosting (history only),ASSAM,7.7284157798410416,8.13478113893067,2271
2024,Gradient boosting (history only),BIHAR,9.22601685136119,9.1484084307762,10157
2024,Gradient boosting (history only),CHANDIGARH,5.857933154483459,6.631465678279173,349
2024,Gradient boosting (history only),CHHATTISGARH,8.16735198705607,6.908885440542239,3523
2024,Gradient boosting (history only),DADRA AND NAGAR HAVELI,6.0014148779611505,7.006830908617268,403
2024,Gradient boosting (history only),DAMAN AND DIU,5.631211781821365,5.788395850232108,278
2024,Gradient boosting (history only),DELHI,9.267287652417933,9.281948752967471,10585
2024,Gradient boosting (history only),GOA,6.342121418721152,6.715091195456723,567
2024,Gradient boosting (history only),GUJARAT,8.973604867142505,8.891355328722312,7891
2024,Gradient boosting (history only),HARYANA,8.774931387494947,9.09333384543389,6469
2024,Gradient boosting (history only),HIMACHAL PRADESH,8.11969625295725,6.867082558231786,3359
2024,Gradient boosting (history only),JAMMU AND KASHMIR,8.835937789319836,7.120359068763976,6876
2024,Gradient boosting (history only),JHARKHAND,7.332369205929062,7.0528788871738035,1528
2024,Gradient boosting (history only),KARNATAKA,10.400832721888241,8.591142741006879,32886
2024,Gradient boosting (history only),KERALA,9.936680519891892,8.346073595721458,20674
2024,Gradient boosting (history only),LAKSHADWEEP,6.2422232654551655,5.187076680944461,513
2024,Gradient boosting (history only),MADHYA PRADESH,9.232590980911002,8.392231649274336,10224
2024,Gradient boosting (history only),MAHARASHTRA,9.872306435052554,8.591142741006879,19385
2024,Gradient boosting (history only),MANIPUR,7.80954132465341,6.878493775850276,2463
2024,Gradient boosting (history only),MEGHALAYA,4.31748811353631,5.391993349899792,74
2024,Gradient boosting (history only),MIZORAM,6.61338421837956,7.068749865684119,744
2024,Gradient boosting (history only),NAGALAND,3.7612001156935624,8.210011290599361,42
2024,Gradient boosting (history only),ODISHA,9.199582715323222,8.162368453158825,9892
2024,Gradient boosting (history only),PUDUCHERRY,7.663407664893479,7.57389526296085,2128
2024,Gradient boosting (history only),PUNJAB,8.74209519574531,9.689758220278899,6260
2024,Gradient boosting (history only),RAJASTHAN,9.434683203865875,8.831246050320674,12514
2024,Gradient boosting (history only),SIKKIM,5.926926025970411,5.644473776352292,374
2024,Gradient boosting (history only),TAMIL NADU,10.217531575165962,8.852649340690396,27378
2024,Gradient boosting (history only),TELANGANA,9.218110109240543,8.987231405286353,10077
2024,Gradient boosting (history only),TRIPURA,7.089243155027514,6.820874027802034,1198
2024,Gradient boosting (history only),UTTAR PRADESH,9.672122799562842,9.22039185343531,15868
2024,Gradient boosting (history only),UTTARAKHAND,6.20455776256869,7.2246038341070635,494
2024,Gradient boosting (multi-modal),ANDAMAN AND NICOBAR,4.0943445622221,5.947910921370874,59
2024,Gradient boosting (multi-modal),ANDHRA PRADESH,8.622633703874234,8.398518118181794,5555
2024,Gradient boosting (multi-modal),ARUNACHAL PRADESH,3.044522437723423,3.823302499005995,20
2024,Gradient boosting (multi-modal),ASSAM,7.7284157798410416,7.595866282662496,2271
2024,Gradient boosting (multi-modal),BIHAR,9.22601685136119,8.943545355045329,10157
2024,Gradient boosting (multi-modal),CHANDIGARH,5.857933154483459,6.7963948263953196,349
2024,Gradient boosting (multi-modal),CHHATTISGARH,8.16735198705607,6.9398585333208285,3523
2024,Gradient boosting (multi-modal),DADRA AND NAGAR HAVELI,6.0014148779611505,6.969831743592558,403
2024,Gradient boosting (multi-modal),DAMAN AND DIU,5.631211781821365,5.819664899206477,278
2024,Gradient boosting (multi-modal),DELHI,9.267287652417933,8.638347428097779,10585
2024,Gradient boosting (multi-modal),GOA,6.342121418721152,6.9729226838204585,567
2024,Gradient boosting (multi-modal),GUJARAT,8.973604867142505,8.909771145461491,7891
2024,Gradient boosting (multi-modal),HARYANA,8.774931387494947,8.77156321896195,6469
2024,Gradient boosting (multi-modal),HIMACHAL PRADESH,8.11969625295725,6.133276686327259,3359
2024,Gradient boosting (multi-modal),JAMMU AND KASHMIR,8.835937789319836,7.579722711967573,6876
2024,Gradient boosting (multi-modal),JHARKHAND,7.332369205929062,7.258496364253099,1528
2024,Gradient boosting (multi-modal),KARNATAKA,10.400832721888241,8.520546028769736,32886
2024,Gradient boosting (multi-modal),KERALA,9.936680519891892,8.387891629209655,20674
2024,Gradient boosting (multi-modal),LAKSHADWEEP,6.2422232654551655,4.902935227402514,513
2024,Gradient boosting (multi-modal),MADHYA PRADESH,9.232590980911002,8.60349765435065,10224
2024,Gradient boosting (multi-modal),MAHARASHTRA,9.872306435052554,8.540305782016734,19385
2024,Gradient boosting (multi-modal),MANIPUR,7.80954132465341,6.352483606665162,2463
2024,Gradient boosting (multi-modal),MEGHALAYA,4.31748811353631,4.661103551002879,74
2024,Gradient boosting (multi-modal),MIZORAM,6.61338421837956,6.23513847877538,744
2024,Gradient boosting (multi-modal),NAGALAND,3.7612001156935624,7.570731964273225,42
2024,Gradient boosting (multi-modal),ODISHA,9.199582715323222,8.150297435942157,9892
2024,Gradient boosting (multi-modal),PUDUCHERRY,7.663407664893479,7.274202556471522,2128
2024,Gradient boosting (multi-modal),PUNJAB,8.74209519574531,9.464480531025515,6260
2024,Gradient boosting (multi-modal),RAJASTHAN,9.434683203865875,9.288736769914216,12514
2024,Gradient boosting (multi-modal),SIKKIM,5.926926025970411,5.5819666106986086,374
2024,Gradient boosting (multi-modal),TAMIL NADU,10.217531575165962,8.95823493156064,27378
2024,Gradient boosting (multi-modal),TELANGANA,9.218110109240543,9.029149095256141,10077
2024,Gradient boosting (multi-modal),TRIPURA,7.089243155027514,5.719957445597076,1198
2024,Gradient boosting (multi-modal),UTTAR PRADESH,9.672122799562842,9.601306836219317,15868
2024,Gradient boosting (multi-modal),UTTARAKHAND,6.20455776256869,7.105686675525071,494
